id,domain,status,purchase_price,renewal_price,attractiveness,demand,length,registrar,created_at,expires_at,status_verified_at
184a4e85-b362-4356-a850-027403a574f9,lienal.at,available,11.99,11.99,medium,low,6,namesilo,,,23/08/2026 01:33
ba720dc1-c716-4d9b-8159-d83eb109e595,devotedly.at,available,11.99,11.99,high,low,9,namesilo,,,14/09/2026 12:28
73ffd662-3257-4ba7-8360-88acfbcb8dc4,peculiar.at,available,11.99,11.99,high,low,8,namesilo,,,13/08/2026 11:08
231f7cfc-6da0-4263-b9f4-870b12c70ddc,cloudlike.at,available,11.99,11.99,medium,low,9,namesilo,,,12/08/2026 12:38
3911e7ee-1ad3-4503-ba2f-c55e09a5c5e4,backlift.at,available,,,high,high,8,,,,
91c908f3-c348-4fd7-9e9c-cf9e8477ef25,exegetic.at,available,11.99,11.99,medium,low,8,namesilo,,,17/08/2026 16:59
1bc9c2e6-ed6b-461e-98f8-366aee2a6380,spaceflight.at,available,17.99,17.99,high,high,12,godaddy,,,30/09/2026 02:17
eaf38bee-a85d-4887-a79c-56f76e20c1f9,intertwine.at,available,,,high,high,10,,,,
30148d73-7352-4c67-8145-b5d6d906abd0,subaltern.at,available,11.99,11.99,high,low,9,namesilo,,,22/08/2026 14:29
460d9091-b88e-4926-9b18-efe602388458,molehill.at,available,,,high,high,8,,,,
dddbf5f2-3fae-4df3-98b0-9682a7d27ee7,dashed.at,available,18.99,18.99,high,low,6,name.com,,,13/08/2026 18:27
b185e9f9-b940-446e-8923-0eb4b0025de8,ruling.at,available,11.99,11.99,high,medium,6,namesilo,,,09/09/2026 12:58
ede5f5d0-d62c-480c-bc09-b5ceb786b268,percolates.at,available,,,medium,low,10,,,,
d28911f2-c957-4269-a622-9fb3cb26df9c,downfeather.at,available,,,high,high,11,,,,
3f995439-556b-405f-9ac1-0ee0a213e0dd,possessors.at,available,,,medium,low,10,,,,
310d7fb3-3fa3-41b5-971f-3d40b084c11e,childishness.at,available,,,high,low,12,,,,
917f4e16-3f22-4509-874f-082603737538,truncate.at,available,,,high,low,8,,,,11/09/2026 20:40
16ac6d01-e42f-4ee2-8234-e58ff7815e7d,heralding.at,available,,,high,high,9,,,,
6cb06de1-9d32-4900-9a6d-bea8cc95445c,fischerindoles.at,available,,,low,low,14,,,,
513fc7c0-04a1-4078-bd66-c2a17f84bae6,airfoil.at,available,11.99,11.99,high,low,7,namesilo,,,17/09/2026 12:59
a3c7a320-a2a7-4a12-b912-b9ff0aed227b,modernized.at,available,11.99,11.99,high,low,10,namesilo,,,19/09/2026 17:17
f310f638-0c3f-407b-9943-688beed49fda,tranquilizers.at,available,,,medium,low,13,,,,
8199cdb0-81d0-405a-b30f-11ecc9c29d82,psychotropics.at,available,,,medium,low,13,,,,
6b28a615-358d-4b76-b698-48e0421e1d6a,acquit.at,available,,,high,high,6,,,,
2f5960ad-ea9f-47c7-947d-c8cdcb1b02ed,biosurveillance.at,available,,,high,low,15,,,,
c5472511-6095-48ec-980a-f1a4686e05c5,vesicle.at,available,,,high,high,7,,,,
1c953ae8-5fb1-44db-8e7d-08c5cbb00c80,peoplehood.at,available,,,high,high,10,,,,
b6af6dbd-6e24-4935-a0f2-68f857bff21a,perforation.at,available,18.99,,high,low,11,name.com,,,
59ae59d6-4c14-452e-9a63-a6e9f102d588,pervious.at,available,,,high,low,8,,,,08/09/2026 18:09
14785244-1e92-4ed7-9da5-63d63665373b,grilled.at,available,11.99,11.99,high,low,7,namesilo,,,08/08/2026 16:31
c32f58d6-7795-4758-b73a-b1090aa26878,unitization.at,available,,,high,high,11,,,,
99a8573b-9773-46c7-bb2d-b6fb72d3c800,roswell.at,available,11.99,11.99,medium,low,7,namesilo,,,28/09/2026 15:16
90e00857-007c-4eab-ad2a-5e18b5226a8a,leftovers.at,available,11.99,11.99,high,high,9,namesilo,,,29/09/2026 02:17
535fb79f-a045-4f8a-a05f-e4bb40da2d3a,drily.at,available,11.99,11.99,medium,low,5,namesilo,,,14/09/2026 14:23
44ae4a4b-f9a3-47b7-9e2e-614498160273,tends.at,available,11.12,11.12,medium,low,5,dynadot,,,29/09/2026 04:58
8ccbb861-eb8a-40ea-b3f5-ddc08ff8392c,inocor.at,available,11.99,11.99,high,low,6,namesilo,,,18/09/2026 23:58
8f7adb94-5909-458f-bccc-9c441eeefb78,swati.at,available,,,high,high,5,,,,
4c1b737b-f4a0-4a8f-9354-487399cf8ddc,masterliness.at,available,,,high,low,12,,,,
1b1170ed-52fe-41d9-95f4-8f8fa97638ef,elma.at,available,,,high,high,4,,,,
e73afb78-a391-4fce-846f-0f86e865cbbf,revelatory.at,available,11.99,11.99,high,low,10,namesilo,,,06/08/2026 00:55
2df6cda6-e14f-411b-9c1f-105b63c75708,schottky.at,available,,,high,high,8,,,,
6aea0c95-8d81-4243-8936-7c2add5450a6,eurozone.at,available,,,high,medium,8,,,,
481f2363-de99-432f-98fb-54514d8524d9,luckier.at,available,,,high,low,7,,,,
c9357c3b-d49f-45cd-b3e8-1147fb899b07,revelry.at,available,11.99,11.99,high,high,7,namesilo,,,27/09/2026 05:46
a20acfcd-65f4-41f8-aeef-ab3643512f8c,alanine.at,available,11.99,11.99,high,low,7,namesilo,,,18/09/2026 01:50
fe1e5b2a-9c12-44d4-99e3-f20c796f9f6c,railcar.at,available,,,high,high,7,,,,
7b41b99a-688f-4b76-aac7-737b4e6eac19,civics.at,available,11.99,11.99,high,high,6,namesilo,,,27/09/2026 05:53
83e370bc-59c3-4598-82e7-c363b5f575ee,emesal.at,available,,,high,high,6,,,,
a405b451-5e8c-41bf-aae0-f7e175595213,subactivity.at,available,,,high,high,11,,,,
7fd7969b-2acb-46b9-867b-761979874ba4,fortalices.at,available,,,medium,low,10,,,,
3b09f5ba-bcfe-45c4-8336-4c94815381ef,leaseholder.at,available,,,high,high,11,,,,
e7b01075-fba8-4a0f-9d82-30d0e1a0ef8c,atlantan.at,available,,,high,high,8,,,,
7654c030-f38d-41fc-9399-48bbb0d23ca3,folkish.at,available,,,high,high,7,,,,
1a6426a4-1c0d-4c97-ac79-f27d781608de,parson.at,available,,,high,high,6,,,,
7b8257ee-92d9-487d-a422-ed0de38316b6,butyrophenone.at,available,,,medium,low,13,,,,
b07cc3e7-5c3e-4dde-af09-3621a15ca9a3,modeler.at,available,11.99,11.99,high,low,7,namesilo,,,30/09/2026 04:46
04857b6d-1bc6-44e8-b879-3cce8ecbaeba,jaunting.at,available,,,high,high,8,,,,
7dba1ecd-664f-4cd5-8129-7b4061505a1e,midtwentieth.at,available,,,high,high,13,,,,
136b63fa-c83a-4a4f-b596-e6627d0a32dc,alidad.at,available,11.99,11.99,high,low,6,namesilo,,,18/09/2026 07:31
6e331c94-589f-4214-be2b-6526a811da8c,acentric.at,available,11.99,11.99,high,low,8,namesilo,,,
c7826977-a8fa-4bb9-beeb-235b0085bda3,exhibitor.at,available,11.99,11.99,high,high,9,namesilo,,,28/09/2026 02:17
519aa2a9-8dfe-4095-bf5c-31458c62a489,effacement.at,available,,,high,high,10,,,,
375ebcff-99ea-491a-9382-207ef6732e96,windward.at,available,,,high,low,8,,,,
f04d0ff1-21df-4c73-86dd-ddac1011f29e,boreas.at,available,11.99,11.99,high,low,6,namesilo,,,03/09/2026 21:36
6d64d6eb-1364-424b-bbef-0ae0a9088cca,unu.at,available,,,high,high,3,,,,
9e58274b-1cd6-4f41-bff4-68d335356e8e,countenance.at,available,11.99,11.99,high,high,11,namesilo,,,27/09/2026 05:39
4400f1c8-8809-4e3a-9944-8b093ed1cc61,goldeneyes.at,available,,,medium,low,10,,,,
be7289b3-fa77-4f3c-b8d0-7991f44e0708,blinker.at,available,,,high,high,7,,,,
6354d18a-cafd-4fe6-a136-0d8f90fc9a2f,reablement.at,available,,,high,high,10,,,,
19450d67-cde1-4f42-a3d6-0f889dc0a734,bodyboarders.at,available,,,medium,low,12,,,,
6e983ded-1753-4a40-8291-fc610b20c69d,condemn.at,available,11.99,11.99,high,low,7,namesilo,,,30/09/2026 10:53
90dda694-8dd9-4cdd-bb41-d870a1b8f163,entranced.at,available,11.99,11.99,high,low,9,namesilo,,,09/08/2026 10:11
9e694dc1-1aa3-4829-8cc2-90de69d8821e,cereal.at,resell,,,high,low,6,"GoDaddy.com, LLC ( https://nic.at/registrar/693 )",,,26/09/2026 04:50
4ddafbf5-7594-4299-a0b0-18325ea7c44f,unkept.at,available,11.99,11.99,medium,low,6,namesilo,,,12/09/2026 14:09
f0eaed33-577d-4dbb-a295-56c9ef7a7f95,saleable.at,available,,,high,medium,8,,,,09/09/2026 20:51
4ca077dc-d84e-4654-8a23-a2795e306d29,revitalization.at,available,,,high,low,14,,,,
521efd4a-f5a3-4a62-ac88-ff7ccc5f6fa8,devon.at,available,11.99,11.99,high,low,5,namesilo,,,25/09/2026 04:52
7444837d-584b-4ce2-aa24-c4a3c69f57ba,treat.at,resell,,,high,low,5,EWBCD GmbH ( https://nic.at/registrar/750 ),,,26/09/2026 09:45
a7735c0a-e306-465e-b08a-e99c383a4982,semitrailers.at,available,,,high,low,12,,,,
625c5823-89de-4543-aabc-10e11b4c7e68,preclude.at,available,,,high,high,8,,,,
5aab177d-5c47-4f11-8a8e-bf3fc99bf707,quark.at,resell,,,high,high,5,Domainers Registrar AG ( https://nic.at/registrar/668 ),,,26/09/2026 08:26
ce493b17-6919-46fb-9efd-8ddff294fb93,amazingly.at,available,,,high,low,9,,,,13/09/2026 19:27
885317da-6ddc-4ba8-8675-3f7f5533fc7d,cinephile.at,available,,,high,high,9,,,,
39f8aaca-c4ad-4699-9e79-41b818287408,retrying.at,available,,,high,high,8,,,,
82d4b761-20a4-41e8-bfe5-e8b53ad1b372,inimical.at,available,11.99,11.99,medium,low,8,namesilo,,,22/08/2026 05:20
fd1f665d-0b45-4bad-8af4-8b677cdc15e1,peggy.at,resell,,,high,low,5,InterNetX GmbH ( https://nic.at/registrar/80 ),,,26/09/2026 08:05
d127c571-9188-433c-b65f-bf5566363e6d,brute.at,available,11.99,11.99,high,low,5,namesilo,,,
292e6507-34a9-434e-a9bf-6b43fed802f7,large.at,resell,,,high,low,5,Internet Service Fuchs KG ( https://nic.at/registrar/20 ),,,28/09/2026 08:32
a8ae80ff-29db-408b-8766-47b2a0480d17,devilfish.at,available,,,high,high,9,,,,
e4254757-65ca-454d-864e-6476e9fff904,conforming.at,available,18.99,18.99,high,low,10,name.com,,,12/08/2026 21:11
ebe7560f-b832-4ece-84a0-54312fccfbec,threshold.at,available,11.99,11.99,high,low,9,namesilo,,,24/09/2026 10:34
5d902909-e9d9-44cb-8ea6-389698b1123e,photographical.at,available,,,high,high,14,,,,
095caae0-c042-45a0-8471-ee1a1c6988bc,continuationism.at,available,,,medium,low,15,,,,
4a083180-2859-4a8f-aabe-cba18e49b4d9,anaphase.at,available,11.99,11.99,high,low,8,namesilo,,,19/09/2026 02:09
9036f320-afbf-4fbf-a45c-66a765e3335e,epicentre.at,available,,,high,high,9,,,,
8884a2f9-4d09-4ff2-94c2-d93bd2d1bcda,midblastula.at,available,,,medium,low,11,,,,
fdd29eca-7527-49c1-9e8d-ef25d6700593,dynamism.at,available,,,high,high,8,,,,
18fd9696-6f0d-41da-a71d-ef486b973e5d,midcervical.at,available,,,high,low,11,,,,
2e992aea-985f-49fc-bba1-77bd04f27039,bedclothes.at,available,11.99,11.99,high,low,10,namesilo,,,22/09/2026 22:48
40dfadcc-da28-4d55-b88b-9de5e92e9fd6,renationalise.at,available,,,high,high,13,,,,
80519ce6-d808-4533-a49d-d9802adf9e09,quebec.at,available,11.99,11.99,high,low,6,namesilo,,,01/10/2026 03:23
39a3808b-1f05-492c-9505-3588671b9bde,chirpers.at,available,,,medium,low,8,,,,
c8e8519f-d472-4d35-9db9-9b507ede4ed1,cordoba.at,available,11.99,11.99,high,high,7,namesilo,,,01/10/2026 02:16
56633365-cec7-4747-bf0e-829fafcad26f,chestnuts.at,available,11.99,11.99,medium,low,9,namesilo,,,20/09/2026 20:45
6869f08f-7962-451d-8106-134fc44e18a0,hyannis.at,available,,,high,high,7,,,,
1fc2885e-0980-4046-9c55-d286d48fd544,mothball.at,available,,,high,high,8,,,,
91b9f567-147c-4167-8f05-b4047dc41ef3,couvade.at,available,,,high,high,7,,,,
86d7e48b-15ef-48a8-b3cc-d35810c60ed1,fragrantly.at,available,,,high,high,10,,,,
6151dfc8-6ba8-404f-8dee-361f20503ac2,ellistown.at,available,,,high,high,9,,,,
8be9adee-f294-4874-9ba0-a6a8f92dd23c,correlative.at,available,,,high,high,11,,,,
909f3780-5c34-429c-ab34-022742382603,aoe.at,available,,,high,high,3,,,,
ee24c801-b51c-4f46-b495-81158faaa01d,clarabelle.at,available,,,high,high,10,,,,
4aef12a0-2b73-4540-bb66-f854d8d6f84a,sounded.at,available,11.99,11.99,high,low,7,namesilo,,,
07760c86-3197-4e74-b082-db9da8fcf487,afternoon.at,available,11.13,11.13,high,low,9,dynadot,,,28/09/2026 19:25
43798fe1-e9f0-4441-8343-742e613257dc,piglets.at,available,,,high,low,7,,,,
33f2fdd3-4390-47ff-aacb-a51d4f30df79,rhinion.at,available,,,high,high,7,,,,
8d9808c4-66a5-4525-b82a-0e8c1e369388,inverse.at,available,11.99,11.99,high,low,7,namesilo,,,25/09/2026 11:05
11f3700b-8022-484a-a007-ad2404aed876,patting.at,available,,,high,medium,7,,,,
3d00f341-bf36-48fe-8834-abf3b14afde8,bivalve.at,available,11.99,11.99,high,low,7,namesilo,,,10/08/2026 09:09
67bbeb9a-9908-4afb-aa60-99300f50d720,lolcat.at,available,,,high,high,6,,,,
514cc820-16cb-405a-a8f5-0f6f5230e6c6,chiku.at,available,,,high,high,5,,,,
41ad4701-1fd9-45ba-a31b-d6617332f649,eliminate.at,available,11.99,11.99,high,low,9,namesilo,,,30/09/2026 15:03
a16039ab-f453-4235-ab93-240dccca8ab8,barrelhead.at,available,,,high,high,10,,,,
3318b12a-8ea7-4fd6-a068-e94387dd68f3,lite.at,available,,,high,low,4,,,,
cfa1be5a-3205-4981-818f-f062db3a0e2d,ephesian.at,available,11.99,11.99,medium,low,8,namesilo,,,17/08/2026 10:24
31f6a5f0-d1f1-4780-824b-4f5363d4dd50,bigness.at,available,11.99,11.99,high,low,7,namesilo,,,23/09/2026 15:14
9e01f956-cb7d-405d-aa34-122370914e67,belittling.at,available,11.99,11.99,medium,low,10,namesilo,,,09/08/2026 13:10
67b7c92f-a4db-4c50-8559-21de72b91fdc,bookplate.at,available,11.99,11.99,high,high,9,namesilo,,,27/09/2026 06:19
896b3702-f8ee-4689-ba7b-6f0bdfd5beb8,batfish.at,available,11.99,11.99,high,low,7,namesilo,,,22/09/2026 13:14
7c21a13d-5601-4bf0-8649-a2efadc827c1,cologne.at,available,11.99,11.99,high,low,7,namesilo,,,24/09/2026 16:20
d1e6e641-bca6-4712-adaf-c6ab07a24455,vermicelli.at,available,,,high,high,10,,,,
a00e5d08-4ccd-4066-8d06-b58aba4b56a2,charwoman.at,available,,,high,high,10,,,,
05d8c7f6-e664-4a53-a980-799d532dd3ef,verdun.at,available,11.99,11.99,high,low,6,namesilo,,,22/09/2026 16:19
07db49fd-179c-4f86-bdb8-e0c7ac90ab62,cooperates.at,available,,,high,low,11,,,,
baa326d3-cc47-4819-97c1-81c2b37bef7d,refreshing.at,available,,,high,low,10,,,,
188c4526-1e2d-42b8-a9ce-01167da335f7,synthwave.at,available,,,high,medium,9,,,,
0df3aaa8-8137-4aae-b4e0-650a4c0b0620,sealife.at,available,,,high,medium,8,,,,
8d8620d5-6967-4086-89e4-a1e210de4fd2,threequel.at,available,,,high,high,9,,,,
dd445cb0-8623-42ea-98f7-de1181cf9bb7,ijaza.at,available,,,high,high,5,,,,
8500cd63-bef4-405e-836d-df0447bf502d,tintype.at,available,,,high,high,7,,,,
103a5575-e3cd-4ff4-8aa7-bbdb37778016,dribbling.at,available,,,high,high,9,,,,
b319e8e7-1273-476a-9d1a-8093011c27a0,kirksville.at,available,,,high,high,10,,,,
96972cc1-fd11-4d8b-96f3-9d99595cc934,alonely.at,available,,,high,high,7,,,,
2be49cfd-72c3-404c-9292-d58a16b2d3ed,jude.at,resell,,,high,low,4,RegistryGate GmbH ( https://nic.at/registrar/228 ),,,29/09/2026 18:47
9242ae3d-f5bf-46b5-a23c-595fb3222329,biblically.at,available,,,high,high,10,,,,
7b7c6178-fa5b-4d54-9e76-aaa463cf4af2,ntl.at,available,,,high,high,3,,,,
257b7b1e-62c9-4069-948f-a646369e1a97,atherstone.at,available,,,high,high,10,,,,
8f200ce0-d9d1-4870-a3e2-0480156dd921,scrutinising.at,available,,,high,high,12,,,,
fbf44880-035d-4a85-9731-4e41f0433d08,comicsverse.at,available,,,high,high,11,,,,
1988c371-1779-494f-8fa0-cfb6bef29882,mistake.at,available,11.99,11.99,high,low,7,namesilo,,,25/09/2026 05:40
8c3ef907-cc25-4ef2-95b2-95db2f61e86f,silvan.at,resell,,,high,low,6,webgo GmbH ( https://nic.at/registrar/676 ),,,26/09/2026 09:01
8b8511d7-0642-4730-96cb-1c25580bd83e,sang.at,available,,,high,low,4,,,,
391f516b-ad4b-40c0-ae88-5942752e7c7d,fredericktown.at,available,,,high,high,13,,,,
190cf231-4b2d-44c6-9871-bfddc8e478b2,teragram.at,available,,,high,high,8,,,,
a0929529-c203-45fe-843c-d317e8181f85,receives.at,available,11.99,11.99,medium,low,8,namesilo,,,18/09/2026 17:46
dd014473-1a5a-4cdd-bc4c-3bf972143759,sample.at,resell,,,high,low,6,Internet Service Fuchs KG ( https://nic.at/registrar/20 ),,,26/09/2026 08:48
63b815d1-b736-4f52-b768-7342e4d94331,transsexuality.at,available,,,high,high,14,,,,
7f192e4d-a5df-4775-8c18-c401691533a9,disarmer.at,available,11.99,11.99,high,low,8,namesilo,,,04/09/2026 22:39
7dff6650-aa56-4085-ad9c-42e69d3937ae,eyelids.at,available,,,high,low,7,,,,
3050caa3-7fce-49a5-b333-3a9517bcf704,vines.at,available,11.99,11.99,high,low,5,namesilo,,,29/09/2026 23:04
60934301-4c0f-41ed-89e1-30829f8de997,docudrama.at,available,11.99,11.99,high,low,10,namesilo,,,14/08/2026 14:28
a9f16713-bfd3-4254-b953-e163084ab854,grandaunts.at,available,,,medium,low,10,,,,
0ea40705-f42b-4d94-a403-365036d7f9eb,prized.at,available,11.09,11.09,high,low,6,dynadot,,,30/09/2026 03:57
b1213d7a-cddf-4365-be1e-5dd686cc9e10,gordius.at,available,,,high,high,7,,,,
bd60d19d-4b8b-4ca8-b9c3-a44e85820fbf,placidity.at,available,,,high,high,9,,,,
4e7d327b-8371-4cdb-910a-f764079b3f26,adviews.at,available,,,medium,low,7,,,,
7f1e96af-e70d-4127-9694-2f307eac8333,charily.at,available,11.99,11.99,medium,low,7,namesilo,,,14/09/2026 06:17
eb7c7ea8-44b0-4536-8020-84146c9bedc8,inpatient.at,available,11.99,11.99,high,high,9,namesilo,,,20/09/2026 21:46
82671fff-7816-4306-8ce4-50983b31d712,fivepence.at,available,,,high,high,9,,,,
53b22f37-9e2b-4f57-93ee-4c348093781e,nonmasculine.at,available,,,high,high,12,,,,
8ab05b9b-aa19-4681-8f0f-d1d73f5d881b,enumerate.at,available,11.99,11.99,high,low,9,namesilo,,,03/09/2026 22:58
3383cc3a-f495-4fc4-8016-5fb0778cf46e,ellaville.at,available,,,high,high,9,,,,
8222c8f9-31ed-441c-b684-7c2816dba1ef,kilogram.at,available,11.09,11.09,high,low,8,dynadot,,,30/09/2026 01:44
3b8676aa-4a9b-477c-be47-efb737214c6b,bushbaby.at,available,,,high,high,9,,,,
515dd7f1-fa81-44d8-83e5-70a337590a3c,undervote.at,available,,,high,high,9,,,,
5326770e-8164-4d0c-b219-bd8e5fdee8f4,vegetarianist.at,available,,,high,high,13,,,,
386eb212-5f66-4604-ac82-adcce96c4654,watermarks.at,available,,,high,low,10,,,,
f49220ca-f6bf-4fc2-aa83-48ca21be42fa,capitalization.at,available,,,high,high,14,,,,
73173a7f-affd-4d1a-8b7d-10bc0267c425,cecal.at,available,11.99,11.99,medium,low,5,namesilo,,,11/08/2026 12:54
2bfc8275-2daf-409f-ab17-062bb5011de4,derma.at,available,,,high,high,5,,,,
5eecbe0a-0d22-4ea5-837e-e38ba6a38ae8,sconces.at,available,,,medium,low,7,,,,
4e8724a1-1bd8-4f30-b8b6-3ccc3e22f0e4,instructors.at,available,11.99,11.99,high,low,11,namesilo,,,01/10/2026 01:00
7e2745df-fcbd-4b53-8706-a0ad185144ba,womban.at,available,,,high,high,6,,,,
c20d2193-00bf-4e87-b056-a672d39f1aa1,laristan.at,available,,,high,high,8,,,,
b0114c9a-e9e3-4be6-9bcd-a8ee74f6ef82,barometric.at,available,18.99,18.99,medium,low,10,name.com,,,08/08/2026 20:06
dc7678b9-9d44-4274-8ad8-4580b82143ed,crockpots.at,available,,,medium,low,9,,,,
6b084efb-6fb4-4144-a25f-b4cb271b21fe,alummah.at,available,11.99,11.99,high,low,8,namesilo,,,18/09/2026 01:08
57946053-cc60-4426-8e39-5078b9d45225,bellflower.at,available,11.99,11.99,high,low,10,namesilo,,,23/09/2026 06:06
ff0068a0-9469-4eb4-9f13-76d4a666d861,backwash.at,available,11.99,11.99,high,low,8,namesilo,,,17/09/2026 15:44
5b01478b-7b02-439a-9869-0c949945679f,mumbled.at,available,,,medium,low,7,,,,
96ba3055-9c99-4619-8e4d-4b554cc3142e,picket.at,available,11.99,11.99,high,low,6,namesilo,,,04/09/2026 23:25
ee7ff15c-882d-4807-ba27-f25eab757175,macarenas.at,available,,,medium,low,9,,,,
1da838dd-8d0b-409c-ae78-28c36782862d,fineness.at,available,,,high,high,8,,,,
66bda1f8-75d2-4b93-ab85-4ae35e5ff9e1,laconic.at,available,18.99,18.99,high,low,7,name.com,,,22/08/2026 18:14
cda839f4-e8d6-4aef-9119-ddd62b3ebb6e,converted.at,available,11.99,11.99,high,low,9,namesilo,,,23/09/2026 00:43
b9d3df2e-db68-437c-bc76-fff584a7840a,dormie.at,available,11.99,11.99,high,low,6,namesilo,,,14/08/2026 16:21
bd053387-671f-4656-8b35-0713880adb7f,indanger.at,available,11.99,11.99,medium,low,9,namesilo,,,
ad412e3c-7e84-413d-b87a-1df1c0a32543,abseil.at,available,11.99,11.99,high,low,6,namesilo,,,16/09/2026 17:39
53c37bcc-ab63-422e-a5fe-bddbc711b64a,washbag.at,available,,,high,high,7,,,,
1deaa0c3-13e3-40a1-8ffc-0e4dca58a9c2,flavorant.at,available,,,high,high,9,,,,
ed1b6907-d628-49b1-8aa4-c1b961c6e00a,hollywoodite.at,available,,,high,high,12,,,,
0d2df7f4-6ce0-45bb-980f-19518b6fbe41,widening.at,available,,,high,high,8,,,,
276311d6-8cb1-48d4-a206-c5105fde27ff,unshaped.at,available,11.99,11.99,medium,low,8,namesilo,,,12/09/2026 19:31
167a92f0-0138-4703-8e2b-c155381a509a,fontanel.at,available,,,high,high,8,,,,
8eb3f654-4db8-4401-90ce-a2c1df24623e,keynesian.at,available,11.99,11.99,high,low,9,namesilo,,,22/08/2026 15:46
98dc3a8a-c3de-42fd-ac0e-78a9380b80cc,lacks.at,available,11.12,11.12,medium,low,5,dynadot,,,29/09/2026 10:48
de42ea98-1931-4fd1-ae7f-86052c3c17b9,balinese.at,available,11.99,11.99,high,low,8,namesilo,,,21/09/2026 22:04
da497c29-4605-48b5-a599-f8eab09787af,indulges.at,available,,,high,low,8,,,,
f9aefb1e-0f65-4cee-8daf-edf3a3e0448e,microbic.at,available,11.99,11.99,medium,low,8,namesilo,,,24/08/2026 22:21
4ebccf79-8224-4afb-9862-272a0fb66ba0,joins.at,available,11.99,11.99,medium,low,5,namesilo,,,29/09/2026 17:15
2f1a5eab-521c-4fe1-b7b4-29d232d942a8,bandanna.at,available,11.99,11.99,high,low,8,namesilo,,,22/09/2026 00:59
f14110c2-15dd-445e-8e4f-0ac8aba42990,kinleith.at,available,,,high,high,8,,,,
56807237-31d0-42d0-a698-902aa49fe0cc,geniculately.at,available,,,medium,low,12,,,,
89bb54a7-1889-4ebc-ab75-ad2d8d413db5,balllike.at,available,,,high,high,8,,,,
f9afa125-46f2-48d2-95bc-2ed8a82f5d60,antineutrino.at,available,,,high,high,12,,,,
3ddf7e6c-7357-468c-96eb-1c2f390db5be,wakeful.at,available,11.99,11.99,high,low,7,namesilo,,,04/09/2026 16:03
313d13d7-aed9-4606-ad81-703279eeabed,aspirated.at,available,,,high,high,9,,,,
343d060c-d0dd-4d8b-b2c5-5f73ef6749c7,graston.at,available,,,high,high,7,,,,
6a7748ad-540d-4237-ad14-7fb8b750b7b4,berlioz.at,available,11.99,11.99,high,low,7,namesilo,,,23/09/2026 09:39
036553bb-7856-4e43-92bb-95cab055978e,earring.at,available,,,high,high,7,,,,
8eadd3f3-0ae2-492e-8d5c-4d632f1a10b4,riming.at,available,11.99,11.99,high,low,6,namesilo,,,09/09/2026 16:55
2a9c212d-a6d3-462e-93ca-1cd27cdc82e2,epilate.at,available,,,high,high,7,,,,
d44fb766-3f20-4538-9ae4-e8a6f6e10199,heartthrob.at,available,11.99,11.99,high,low,10,namesilo,,,29/09/2026 22:26
eb3f9d48-7903-4f57-8cb7-083685b3d31f,boggs.at,available,11.12,11.12,medium,low,5,dynadot,,,29/09/2026 04:30
d1d482ed-b4d6-4365-aa0f-52d12ff085a0,chekov.at,available,11.99,11.99,high,low,6,namesilo,,,19/09/2026 15:28
5a7024c6-6342-4e4d-b962-b7d260ddafa9,strasbourg.at,available,11.99,11.99,high,low,10,namesilo,,,27/09/2026 15:59
0eb7ef4a-6c1d-465a-b8aa-02a3e9a0a467,emboss.at,available,18.99,18.99,high,low,6,name.com,,,10/08/2026 20:42
20978e6a-6061-4bab-83fa-08b6313c9b7a,dormouse.at,available,,,high,high,8,,,,
0dd47102-e97a-4b6c-80bb-520ce9f70a50,adeptly.at,available,,,high,high,7,,,,
e19704e4-a0f8-4356-912c-27b50df6f5cf,answerphones.at,available,,,medium,low,12,,,,
c29b6198-9688-442c-a30e-a3a1628b9e84,agrologic.at,available,11.99,11.99,medium,low,9,namesilo,,,
27028250-47ea-4739-b20a-e550b86805bb,decolletage.at,available,,,high,high,11,,,,
18afae3c-5ddf-484b-bdc6-c3f124a78e15,heightened.at,available,11.12,11.12,high,low,10,dynadot,,,29/09/2026 21:14
bcb5e288-5b2a-4ac9-9df4-fb51f4f76cc1,orde.at,available,11.99,11.99,high,high,4,namesilo,,,29/09/2026 02:20
51bceeb0-762d-4b02-8ff1-5dd696411f2d,baptise.at,available,,,high,high,7,,,,
6ab08a7b-0cad-4cf5-9996-c314d7f8f4d6,buffered.at,available,,,high,high,8,,,,
bea90a2f-53a4-4cdc-96b2-d61ffd78e147,slays.at,available,,,high,low,5,,,,
d43c6b11-fd5e-43f2-891a-4d966aadb112,colourimetre.at,available,,,high,high,12,,,,
34f7ae3a-71c2-4691-adf3-5cc596eccf6c,varves.at,available,,,medium,low,6,,,,
8b3c955e-7a36-4181-a529-88d1f6df8842,the.at,resell,,,high,medium,3,Greenmark IT GmbH ( https://nic.at/registrar/618 ),,,30/09/2026 21:33
184ce364-b365-4ab8-9cb8-0ab8129e6158,youthful.at,available,11.99,11.99,high,low,8,namesilo,,,13/09/2026 04:18
3ffae026-7299-49fb-9c11-c7599e8910bc,whalsay.at,available,,,high,high,7,,,,
4e2de3cf-3805-4115-bca8-c7235f792dfe,successfully.at,available,11.99,11.99,high,low,12,namesilo,,,
e38d39a4-03d9-43ce-8c9a-bdad1b4bb664,redeems.at,available,,,high,low,7,,,,
7cb4bcd6-1442-4f44-834c-2d9423211ad5,maliyah.at,available,,,high,medium,7,,,,
e044a889-e234-46bc-ac4c-a4d73328e670,agua.at,resell,,,high,low,4,InterNetX GmbH ( https://nic.at/registrar/80 ),,,26/09/2026 01:27
2115a575-c7bd-4884-9214-ff043f846dc9,combust.at,available,,,high,high,7,,,,
87fd295c-cb1a-4483-842c-0de174641d6a,pasteurise.at,available,,,high,high,10,,,,
21488f5c-d4b7-4a81-8660-513ac491d4d7,melding.at,available,,,high,high,7,,,,
eb6bfb7e-28a3-4104-80dd-2e09830f9664,anatoly.at,available,11.99,11.99,high,low,7,namesilo,,,30/09/2026 22:03
d640c23d-af00-4f3f-b883-05276459195d,molar.at,available,11.99,11.99,high,low,5,namesilo,,,25/08/2026 03:38
4c460850-fb5c-458c-8790-8d083490826d,unforeseen.at,available,,,high,low,10,,,,04/09/2026 18:50
4a24ae9b-365e-4990-9d96-eca814fb73cd,guyana.at,available,,,high,high,6,,,,
f88c3e2c-ff0b-4830-9533-2b00eafc6b48,magnetics.at,available,,,high,high,9,,,,
9f457204-3dca-42a9-ac7b-3fa15c6aea2d,adorably.at,available,11.99,11.99,high,low,8,namesilo,,,13/09/2026 17:21
e402dcf1-5760-4e19-9682-8148f1a4d74f,maps.at,resell,,,high,low,4,Domainers Registrar AG ( https://nic.at/registrar/668 ),,,26/09/2026 07:25
8241af06-e239-4e1b-9f3d-98e9e718836f,sweetness.at,available,11.99,11.99,high,low,9,namesilo,,,29/09/2026 00:59
1a8bf712-b0a1-499d-ae86-ee12f31f7f1e,amen.at,resell,,,high,low,4,Greenmark IT GmbH ( https://nic.at/registrar/618 ),,,26/09/2026 03:50
8663db37-f143-4172-b8a3-786336fa733f,liverpudlian.at,available,,,high,high,12,,,,
6dc01e39-4da7-48b0-a3d2-7ab2ae79873a,quebecer.at,available,,,high,high,8,,,,
5ada0238-030a-488b-8055-d2f293b61b51,confrontation.at,available,11.99,11.99,low,low,13,namesilo,,,28/09/2026 17:10
0f37934d-8748-4d1b-bed6-15c260c7e95d,artisanship.at,available,,,high,low,11,,,,
759867b8-c3c8-4e26-a29d-de5bb6017e9f,mastlike.at,available,,,high,high,8,,,,
109e6761-dd8b-464e-9bd0-14f1fd34ceb3,chas.at,available,11.99,11.99,medium,low,4,namesilo,,,28/09/2026 21:45
c6bb95d9-b3b9-4658-bf4f-7877e9468209,maternally.at,available,11.99,11.99,high,low,10,namesilo,,,25/08/2026 07:10
4a46bd47-c9de-41fe-9ea7-db7c9c009261,duck.at,resell,,,high,low,4,Internet Service Fuchs KG ( https://nic.at/registrar/20 ),,,29/09/2026 17:03
dda3e18a-7f6e-43f5-be82-504a6948d63c,coated.at,available,11.99,11.99,high,low,6,namesilo,,,12/08/2026 14:14
5d5d71bc-806f-4d52-a6aa-e9e2cdac9f9f,artemidean.at,available,,,medium,low,10,,,,
dbeaf4dd-b914-499e-b5b3-92236fb51b22,vexer.at,available,11.99,11.99,medium,low,5,namesilo,,,19/09/2026 10:52
3a9c844b-8937-48ee-b070-78c8319beb2f,hollywoodland.at,available,,,high,high,13,,,,
59ea3600-d74a-4a75-81de-b90d29a91d19,conflent.at,available,,,high,high,8,,,,
4435e824-5773-41ce-8e30-bc805da427e8,thermoset.at,available,11.99,11.99,high,low,9,namesilo,,,11/09/2026 12:58
902684dd-7b27-4c2d-b6ec-03b5c22d1668,uconn.at,available,11.99,11.99,high,high,5,namesilo,,,27/09/2026 05:57
d83a1009-e706-4adb-aefc-e024acb4f79f,spica.at,available,,,high,high,5,,,,
0863a91c-eeb9-444c-be0b-27c2f032b5a5,uplands.at,available,,,high,high,7,,,,
c0617345-1de0-458a-bfa9-a756ca99e287,swashbuckling.at,available,,,high,high,13,,,,
293f4466-7692-45ed-9817-2fdb20d45a15,assimilate.at,available,11.99,11.99,high,high,10,namesilo,,,27/09/2026 05:04
406ac9e8-bb5f-4c74-95b0-1162718c1da6,lancaster.at,resell,,,high,low,9,PromoMasters Online Marketing Ges.m.b.H ( https://nic.at/registrar/422 ),,,29/09/2026 19:11
c53b36fc-1ffd-48e1-9bb3-c5408c68b8df,foods.at,resell,,,medium,low,5,InterNexum GmbH ( https://nic.at/registrar/659 ),,,28/09/2026 22:58
4de2f7da-13e3-4006-8227-10ddc6366fd2,bloxwich.at,available,,,high,high,8,,,,
f943bc42-311d-4fa5-8ed5-c66bc2ad1eaf,knowledgeable.at,available,11.99,11.99,high,low,13,namesilo,,,29/09/2026 08:34
cb373cb5-9a25-4212-9109-8fa633611908,pulsebe.at,available,,,high,high,9,,,,
7ba33021-db18-4a03-a182-f7334c3901ab,bulllike.at,available,,,high,high,8,,,,
5661cee2-5900-4d6e-a4e3-cf6c4261e93e,rusted.at,available,,,high,low,6,,,,09/09/2026 20:17
12ce5376-c081-44e6-8dfb-24c0fa8ab1c9,fatah.at,available,11.99,11.99,high,low,5,namesilo,,,18/09/2026 00:27
e019225d-af7b-452a-a57b-52b6c0cde56f,churning.at,available,11.99,11.99,high,low,8,namesilo,,,12/08/2026 07:51
86ba8726-6e6d-4c9b-b926-02c2114c6f5c,compiling.at,available,,,high,high,9,,,,
f889b7e6-dbc4-43c3-83b7-b2b7898bc008,theorist.at,available,,,high,high,8,,,,
b23aad9c-7d83-4a28-bc32-2a2650a1d9aa,auberon.at,available,,,high,high,7,,,,
5e933f6b-a6a8-4625-b12c-e23bf896deb3,sensualist.at,available,,,high,high,10,,,,
af5ee00e-ca09-480e-b801-ad0bdc00906b,chickenability.at,available,,,high,high,14,,,,
00442eff-6dc5-47f0-ac2f-bf32b221dc4d,federated.at,available,,,high,low,9,,,,
eb186a9a-4262-4121-829e-f8248cf125bb,expanded.at,available,,,high,low,8,,,,
fef90b32-30eb-4db9-9771-deee5e0c9abe,permeate.at,available,,,high,high,8,,,,
e9024eaa-9e1c-4520-94bb-f14c2dcba31f,commonship.at,available,,,high,high,10,,,,
ff993b3a-9044-42c2-b7e1-024165b1da0a,uncheck.at,available,,,high,medium,7,,,,
e55b458e-98f0-4f90-9dda-22f1b479b3b4,pyramide.at,available,,,high,high,8,,,,
53054a32-4d25-4a30-bd5b-44d211cd7b2a,reeking.at,available,11.99,11.99,high,medium,7,namesilo,,,09/09/2026 12:32
2e1b1553-1f62-4be5-93fa-0e14110e78d9,seaward.at,available,11.99,11.99,high,low,7,namesilo,,,22/08/2026 06:58
9d05f9ce-6cf2-4b4d-a472-89fe84db3e8d,roadless.at,available,11.99,11.99,high,low,8,namesilo,,,08/09/2026 10:27
41c93006-fe6b-47c1-b25a-2e23a4caf647,waistcoat.at,available,,,high,high,9,,,,
c647757e-33ed-44f8-a3ad-9df0c2ef9983,annex.at,available,11.13,11.13,medium,low,5,dynadot,,,28/09/2026 21:27
25b6e51b-504d-439c-9f57-5589d2247d4b,temperament.at,available,11.99,11.99,high,low,11,namesilo,,,30/09/2026 22:37
802462f3-988f-4885-aad0-f6373b364a8b,tablet.at,resell,,,high,low,6,Webagentur.at Internet Services GmbH ( https://nic.at/registrar/25 ),,,28/09/2026 20:05
85786f22-2661-4410-9be2-f688c88fec1f,ideation.at,available,,,high,high,8,,,,
efbc9baf-b77e-4f1f-9c70-1c571badd838,theobroma.at,available,,,high,high,9,,,,
6c09c1d3-745e-47f1-8619-912e6d26d659,sophomores.at,available,,,high,low,10,,,,
d22da5aa-3b99-4452-a11f-391e81d9ec1b,veneering.at,available,,,high,high,9,,,,
aae77ed7-a1e4-415f-bd08-175511275c4b,stollens.at,available,,,medium,low,8,,,,
34dc45ad-1543-41c4-ba55-81acb0aa4c94,pronouns.at,available,,,high,medium,8,,,,
b162dfea-ce38-4753-971e-ae95553f3ebe,conviction.at,available,,,high,low,10,,,,
58ba211f-bffd-420a-b07e-fdac4468ce13,munichite.at,available,,,high,high,9,,,,
97b6e693-e473-4257-abbf-b258fab5fab3,vinculums.at,available,,,low,low,9,,,,
00fa28f5-0d88-4f94-9c4c-e9cb7590930a,propagation.at,available,,,high,high,11,,,,
7b119ac2-16a4-4a45-8f8e-5a72880f1940,foxford.at,available,,,high,high,7,,,,
16f8b649-0ec7-419d-a4c9-110e81779eb3,embellishing.at,available,,,high,high,12,,,,
7b4e277f-fe7e-4c40-8dc4-6e412883789f,flirter.at,available,,,high,high,7,,,,
a28d26de-1db9-412b-b8c5-71fb7f5183f1,assuredly.at,available,11.99,11.99,high,low,9,namesilo,,,13/09/2026 22:09
40e3448d-29c5-4f93-8dec-de9c9e8721fa,ruining.at,available,11.12,11.12,high,low,7,dynadot,,,29/09/2026 19:30
b550641c-ecf1-4fe9-ad15-48316bebb914,retch.at,available,11.99,11.99,high,medium,5,namesilo,,,10/09/2026 07:37
e47a7667-06ce-4fb2-957d-7b7565d4a7d2,ellipsoid.at,available,11.99,11.99,high,low,9,namesilo,,,16/08/2026 04:37
ac6c3aa5-59ec-4807-bab7-c6ecd503e729,butterfish.at,available,,,high,high,10,,,,
0bceefad-d450-430b-bfc1-9700455b6fd6,breadths.at,available,,,medium,low,8,,,,
15f1f0d8-1f08-4c0c-8bcb-a014dffc7c9b,fagged.at,available,11.99,11.99,medium,low,6,namesilo,,,14/08/2026 14:47
3a4f9af6-1aea-47c8-bd25-e2f41e0420a9,aspirational.at,available,11.99,11.99,high,high,12,namesilo,,,27/09/2026 05:04
1bb3df2a-6b70-4269-9ff5-8f536ffa92f9,planting.at,available,11.13,11.13,high,low,8,dynadot,,,28/09/2026 20:12
5a3542fd-12cd-4c23-b700-b4c26e89e703,deferments.at,available,,,medium,low,10,,,,
06386a6b-22b9-4c1d-a191-3caf3670e8ee,postgraduate.at,available,,,high,medium,13,,,,
7af781d2-0eea-407d-a753-6275cfc5841c,aruru.at,available,11.99,11.99,high,low,5,namesilo,,,20/09/2026 12:26
054553d6-1423-4c7a-a8bb-9f7f8fa4b2ac,tallowwood.at,available,,,high,high,11,,,,
22bf8aee-3424-4b28-9843-f0b894106ec4,doubtless.at,available,11.99,11.99,high,low,9,namesilo,,,14/09/2026 13:54
70c74f25-0dba-402d-8253-21f907fc1a81,statewide.at,available,,,high,low,9,,,,10/09/2026 19:10
3afe48cb-2934-4005-b6da-0a9cd928e89d,anticlimax.at,available,11.99,11.99,high,low,10,namesilo,,,19/09/2026 14:16
32608df9-b033-47cb-b789-a40d2b0a2a94,deductibles.at,available,,,high,low,11,,,,
c9b3c362-0d6e-4215-9e1a-5502407a68c7,cornbread.at,available,,,high,high,9,,,,
4339dfc9-e85a-49f8-8a8d-c87d70c6d757,clothiers.at,available,,,high,low,9,,,,
fc67edd7-ead0-4d51-975d-ca88be631342,squabble.at,available,11.99,11.99,high,low,8,namesilo,,,23/09/2026 13:15
3742a228-052f-43d4-9606-50e695ff5b39,cooksbridge.at,available,,,high,high,11,,,,
fddb806e-4f11-4ee5-808c-24405210c312,refraining.at,available,,,high,high,10,,,,
69c33d13-a0e8-4156-bc92-4874ede6a6a5,agaragar.at,available,11.99,11.99,high,low,9,namesilo,,,17/09/2026 16:15
19f20545-7adb-46a4-b1dd-044c5821bef8,vancouverites.at,available,,,medium,low,13,,,,
0ef6753f-89fd-48ba-b4f3-6b7dfb66bc2e,sportsfield.at,available,,,high,high,11,,,,
71a15047-98bb-4db7-9a27-530e8ca67951,bedazzlement.at,available,,,high,low,12,,,,
47c46cc6-5976-4bec-a86e-d2191331b031,pinmaking.at,available,,,high,low,9,,,,
fc53b974-3129-46ad-a09c-3f939af22147,embedded.at,available,,,high,low,8,,,,
efc0bc36-3da6-4e13-b2e8-63d5be719545,cumberbatchian.at,available,,,high,high,14,,,,
60dd7d79-f1fe-4b8f-bc93-37b3477d86a2,interpretation.at,available,,,high,high,14,,,,
59b83f71-fb51-4a02-89a6-88669d94934e,reasonableness.at,available,,,high,high,14,,,,
624be7c8-3fb3-468d-89c6-7656c062b1bd,tempest.at,available,,,high,high,7,,,,
0031957a-ee58-4eec-bb61-328dbe7cba0c,ptarmoscopy.at,available,,,medium,low,11,,,,
6d0404aa-875e-41b6-bdc5-dbf8026e76d6,reproductive.at,available,11.99,11.99,high,low,12,namesilo,,,29/09/2026 14:35
fcbc7fe4-fbfb-44f0-90db-e84ef6d07bf7,bearish.at,available,11.99,11.99,medium,low,7,namesilo,,,09/08/2026 04:48
bdf26cd0-fc49-4557-96a2-15b82576ce66,tidbits.at,available,,,high,medium,7,,,,
785d3046-e6a3-481a-8a9f-3428dd988731,biased.at,available,11.99,11.99,high,low,6,namesilo,,,09/08/2026 18:36
210a4602-0d9c-4963-ae19-556eb44bbeb7,abilities.at,available,11.99,11.99,high,low,9,namesilo,,,17/09/2026 04:45
ac48e888-2166-4286-9eee-afb72d89097b,clovis.at,available,11.99,11.99,medium,low,6,namesilo,,,29/09/2026 00:26
6e8291ed-1a76-4683-981a-15466266e3b6,cybersecure.at,available,,,high,high,11,,,,
8ec49889-94ec-4fb3-9136-d3a43aa32cf7,arrays.at,available,11.99,11.99,medium,low,6,namesilo,,,20/09/2026 09:17
e177c5a9-7a78-4f15-beb8-2ee2b0e7e0f3,geekout.at,available,11.99,11.99,high,high,8,namesilo,,,01/10/2026 02:19
49a5f137-a8fc-4a8e-982a-7540223dd9bf,funerals.at,available,11.99,11.99,high,low,8,namesilo,,,29/09/2026 17:32
3be97916-9cc7-488b-a9bd-b2439bda34fe,pyle.at,available,11.99,11.99,high,low,4,namesilo,,,29/09/2026 07:17
0177eb05-492a-44ce-8de2-0f6a9d2d955c,membership.at,resell,,,high,low,10,EWBCD GmbH ( https://nic.at/registrar/750 ),,,28/09/2026 06:23
d54efd31-a5f2-4ff3-bc5b-6f5aa9946445,coownership.at,available,,,high,low,12,,,,
6da9221a-2b3b-4ae2-a44c-7a09a5f9e92a,mesmeric.at,available,18.99,18.99,high,low,8,name.com,,,24/08/2026 21:13
807aca3f-cb5a-489d-9a5f-1a2a783b2146,feckless.at,available,11.99,11.99,medium,low,8,namesilo,,,18/08/2026 00:31
6067fc92-b123-483b-a540-b126405ea1ca,proclaimed.at,available,11.99,11.99,high,low,10,namesilo,,,22/09/2026 05:13
dc314312-373f-43e3-86c2-ebee27ab3685,pfeffernusse.at,available,,,high,low,12,,,,
be1cad61-6c3e-4029-96c6-7356969439fc,turnagain.at,available,,,high,high,10,,,,
bbdeb0f7-ea34-4814-844f-cf281d137fe8,emancipate.at,available,11.99,11.99,high,high,10,namesilo,,,27/09/2026 05:52
af42f56a-a7bd-46a8-b983-62bf1119d4b2,defrag.at,available,,,high,medium,6,,,,
d0666ab5-63e5-4536-9238-a99a63288fb7,dexedrine.at,available,,,high,high,9,,,,
75606a8e-443d-4c2b-b486-bf8349b61e1a,bursting.at,available,11.99,11.99,high,low,8,namesilo,,,30/09/2026 12:02
55acf12b-a50c-48f1-87dd-b733be94a7c8,sifter.at,available,,,high,high,6,,,,
0fed1664-88e0-40bc-89da-e0624c8fe5d8,suiter.at,available,,,high,high,6,,,,
810e7e61-c2dc-4239-8590-9e8d3cb2f121,telepathic.at,available,11.99,11.99,high,low,10,namesilo,,,11/09/2026 10:18
0371fe4d-b136-4307-90e0-5147863fa8ea,tawney.at,available,,,high,high,6,,,,
4f95a031-0cbf-4e1f-b702-047f69e2ed76,avc.at,available,,,high,high,3,,,,
acfcbf89-9cf2-4c05-8d82-5a78a5a9eb00,greasepaints.at,available,,,medium,low,12,,,,
c00645cd-9565-4965-987c-3e21b28ad26d,comicverse.at,available,,,high,high,10,,,,
75e7029e-5cac-4e82-9ba2-91c01f12a93a,lifetimes.at,available,,,high,medium,9,,,,
c5930ef2-5879-4c4a-a42a-bb1ad42ec416,wakened.at,available,,,medium,low,7,,,,
c228794e-f04c-43dc-9892-39d5a432e659,risewood.at,available,,,high,high,9,,,,
908a4d6d-7bd3-42f0-80ed-ceae09d9f509,oxtail.at,available,,,high,high,6,,,,
c88e7d0b-bd78-4b3b-aa50-3572022c3ed3,truckmaking.at,available,,,high,low,11,,,,
5d3ec726-e862-45df-96af-9ea0f7d8b54a,conflux.at,available,,,high,high,7,,,,
b13afcab-8c47-40a4-a6c6-1224b388d37c,continuatives.at,available,,,low,low,13,,,,
fc2563c7-0a55-44d5-bf71-e6928e7baf9d,confuter.at,available,,,high,high,8,,,,
1b5da7b5-9206-458d-b610-7a26ba403f3d,lawyers.at,resell,,,high,low,7,EWBCD GmbH ( https://nic.at/registrar/750 ),,,26/09/2026 07:09
2bd5e112-3c16-4587-8262-578973930a0f,pints.at,available,,,high,medium,5,,,,
eb851d61-af28-43ee-87fe-2aa5c0a78011,eternalize.at,available,,,high,high,10,,,,
c48aba2d-2096-4149-a3bf-690eb0774e6e,vaux.at,available,17.99,17.99,high,low,4,godaddy,,,01/10/2026 01:15
75b73950-e6fb-475b-afc0-c29536b5e5b7,stationary.at,available,,,high,low,10,,,,
d5872ed4-75c6-4280-ac6f-08806009b420,consensual.at,available,11.99,11.99,high,low,10,namesilo,,,12/08/2026 22:31
a6be5b77-e8aa-49e9-af3c-2d735c5203b2,swelled.at,available,11.99,11.99,high,low,7,namesilo,,,11/09/2026 05:38
1b17b0e2-2cef-44eb-826e-17e439bd85b8,unicode.at,resell,,,high,high,7,,,,27/09/2026 05:57
388a5a38-f05b-43bb-b27c-422d7cfc3e69,dorsum.at,available,11.99,11.99,high,low,6,namesilo,,,08/08/2026 05:12
b2dc9f1e-e3d2-487e-8cc1-6cdf9ed14e53,medalists.at,available,,,high,low,9,,,,
3394477d-3027-4131-836d-af1a6622b71d,xenophile.at,available,,,high,high,9,,,,
2d33a4ce-711a-41f5-b4f7-7d9dbf96d552,aspie.at,available,,,high,high,5,,,,
819883c5-a596-4b21-9657-142abd2c8d9c,revivalism.at,available,,,high,high,10,,,,
f7bd3fc8-f0b1-4344-b71a-62c423333098,transporting.at,available,11.12,11.12,high,low,12,dynadot,,,29/09/2026 14:44
6221f02b-052f-45c7-ba4b-18288b3e5c1c,teabox.at,available,,,high,high,6,,,,
0aacba3e-e954-401b-92f9-95f99746f0fd,accoutrements.at,available,,,high,high,13,,,,
318168b2-14db-477c-b979-9acce3ff350c,overleaf.at,available,,,high,low,8,,,,15/09/2026 18:27
0c51644a-3f59-45f2-8bce-fc684e8e0317,camisole.at,available,11.99,11.99,high,low,8,namesilo,,,24/09/2026 11:52
e6a631e7-2cdf-4f5a-b03c-fcf4ea1e6258,voluntarily.at,available,11.99,11.99,high,low,11,namesilo,,,
81070030-9e8c-4750-bc7d-d37d36260c00,devout.at,available,11.99,11.99,high,low,6,namesilo,,,14/08/2026 05:17
28404316-b116-4e51-a045-c76f06827713,colver.at,available,,,high,high,6,,,,
baff6091-b65a-494d-9c76-9137979446e6,defrayal.at,available,,,high,high,8,,,,
d7ab3d70-a420-4b93-bd4a-714f861756c1,legitimate.at,available,11.99,11.99,high,low,10,namesilo,,,22/08/2026 23:04
7a71ff09-caca-4ca3-adfd-8ceb7a784d7e,licentious.at,available,11.99,11.99,medium,low,10,namesilo,,,23/08/2026 00:56
8c9479a3-a908-4500-af7b-78df22c387de,virago.at,available,11.99,11.99,high,low,6,namesilo,,,18/09/2026 16:19
71e35d13-df18-400d-ae39-2d85e6f5ff51,mandibula.at,available,,,high,high,9,,,,
f788eb4b-d266-4e9c-a015-369114ffb73a,drawerlike.at,available,,,high,high,10,,,,
850b8ced-d658-4203-943a-2815e2165b5b,decca.at,available,11.99,11.99,medium,low,5,namesilo,,,28/09/2026 21:44
e0ddfc47-2e7f-4a47-84fd-11521e3cb50f,porcine.at,available,11.99,11.99,medium,low,7,namesilo,,,21/08/2026 10:21
63244e40-17ea-4043-9cc1-9c3f173ce1f9,gabbi.at,available,,,high,medium,5,,,,
53c115f6-bf0b-4b21-8f69-46f4bfc045d0,interviewee.at,available,11.99,11.99,high,low,11,namesilo,,,
bd4584f0-21bd-4277-8775-92eabf3009e4,slowing.at,available,11.99,11.99,medium,low,7,namesilo,,,29/09/2026 06:36
93423d59-cc74-4f1c-bc27-3e129d129eb3,wove.at,available,,,high,high,4,,,,
384742cd-529e-47cc-ace3-8c796829a09e,summery.at,available,11.99,11.99,high,low,7,namesilo,,,11/09/2026 01:38
ce6830a0-fabb-4213-8c26-0ff770416cc9,subclass.at,available,11.09,11.09,high,low,8,dynadot,,,30/09/2026 11:06
43971ec2-84d1-4990-ab64-d4f091543e38,tricia.at,available,,,high,high,6,,,,
6130b7b0-7237-47a5-abab-4724f057b3d6,predate.at,available,,,high,high,7,,,,
e9237177-8195-4856-b1f5-6a426c5ece33,gruesome.at,available,11.99,11.99,high,low,8,namesilo,,,18/08/2026 23:17
e2eef47e-9ece-4bf8-8b7f-8c049e421daa,radical.at,available,,,high,low,7,,,,
ceba7769-a094-44b8-9629-91938fad1d73,midchromosome.at,available,,,high,high,13,,,,
98f7929c-b06a-4d72-afbb-b7ca8bfd4da0,disregarded.at,available,11.99,11.99,high,low,11,namesilo,,,
ce92934c-daa2-4db4-9d80-a6e14b0f000b,premedication.at,available,,,high,high,13,,,,
15aa7545-657f-40dd-baf7-494bdc732d84,sickish.at,available,11.99,11.99,medium,low,7,namesilo,,,03/09/2026 14:05
07d7c8fb-a350-4776-ab0d-6139729e1733,scalp.at,resell,,,high,low,5,IONOS SE ( https://nic.at/registrar/22 ),,,29/09/2026 08:01
16fbb1a2-e8de-49e6-acd8-7a832bb017fd,gurkha.at,available,,,high,high,6,,,,
bcdea70f-f313-4eba-8d7a-6fa04df78e69,jammed.at,available,11.99,11.99,high,low,6,namesilo,,,22/08/2026 12:07
4563d310-8bf9-408b-8741-87797f283ef0,chocolatey.at,available,,,high,low,10,,,,
ae135cca-7e12-4dd6-bde3-59e90be16f0b,shalwar.at,available,,,high,high,7,,,,
0d620a18-c8c1-4d5e-a380-3af187a05d54,mallow.at,available,,,high,high,6,,,,
fec56936-62c1-4668-a84b-4e958eb81db4,agrarian.at,available,18.99,18.99,high,low,8,name.com,,,
5ff426fc-9779-4c32-8129-205a0b7448d5,placable.at,available,,,high,medium,8,,,,08/09/2026 20:13
40b09fd4-3451-4004-89fc-898ddb2a34e8,applied.at,available,,,high,low,7,,,,
0aa63e3a-4268-4dab-977b-e12c644b492b,arcing.at,available,,,high,high,6,,,,
ef6a5571-a5c0-4a08-ab4a-ebcb050914f2,mouthguard.at,available,18.99,,high,high,10,name.com,,,
a3fc94b0-7655-4652-8b44-f5ea7bb8bd64,blondes.at,available,,,high,low,7,,,,
fee2fe88-689e-43be-9e9a-916e6101f612,contrology.at,available,,,high,medium,10,,,,
8264096e-98f3-428f-94e9-0e1550e02f96,maternity.at,available,11.13,11.13,high,low,9,dynadot,,,28/09/2026 19:52
b1fc75ef-ef1b-46d6-a02d-a8e67cf98404,quadruple.at,available,11.99,11.99,high,low,9,namesilo,,,18/08/2026 13:24
e8c9cf73-b203-423f-a8e3-4eb9a3920212,foxdale.at,available,,,high,high,7,,,,
169ca2ef-1f85-44e6-a684-2e240f5c2605,papyri.at,available,,,high,low,6,,,,
2adcbcb3-5b62-4000-9715-3b51972e6ff9,thawed.at,available,11.99,11.99,high,low,6,namesilo,,,11/09/2026 12:31
5163fa44-a179-4847-91e5-75d85cdb8101,tory.at,available,17.99,17.99,high,high,4,godaddy,,,30/09/2026 02:18
cdb2a37d-971d-4fcb-beb9-a4bc08bd8fb6,choreographed.at,available,,,high,high,13,,,,
f19a8b8b-32ef-421b-af7f-4ac95f3ba24d,reopen.at,available,11.99,11.99,high,low,6,namesilo,,,30/09/2026 03:14
293bf238-4c3b-4a7e-935d-03d8caaf9605,sobersided.at,available,11.99,11.99,high,medium,10,namesilo,,,10/09/2026 13:07
99e0c6f2-4617-42f7-83d1-740ffee6672a,buzzwords.at,available,,,high,medium,9,,,,
95b92124-3cc1-4e5b-a0a8-0799d4bd5105,smallest.at,available,11.99,11.99,medium,low,8,namesilo,,,28/09/2026 17:15
19a7f694-34cc-4000-8f21-e9165162140a,forecourt.at,available,,,high,high,9,,,,
e497680b-c42f-49f4-95b2-75a1bc5c5648,slipper.at,available,17.99,17.99,high,low,7,godaddy,,,01/10/2026 01:18
172b8ab2-8129-4786-b033-6b814fdb0b55,debased.at,available,11.99,11.99,high,low,7,namesilo,,,
4410c46a-258d-4030-ad3d-f17b87e73d9b,bouncing.at,available,11.99,11.99,high,low,8,namesilo,,,23/09/2026 01:19
aa2e7a82-d45d-47ca-be72-fb5d51e3bb6c,ballots.at,available,,,high,low,7,,,,
3968750b-0893-447c-95d2-8060d162915d,gotts.at,available,,,high,high,5,,,,
d2935d1a-9d62-4b83-a256-3af0920f5bfe,paraathlete.at,available,,,high,high,12,,,,
2b394a3d-5a50-40c4-b451-aecea3348648,slovene.at,available,11.13,11.13,high,low,7,dynadot,,,28/09/2026 20:30
ca39d5a9-771f-45a0-ac2e-5eb09eb000e1,flashing.at,resell,,,medium,low,8,,,,28/09/2026 19:14
df925f35-a49b-4967-8560-a665c7866fb6,diachronic.at,available,11.99,11.99,high,low,10,namesilo,,,14/08/2026 05:38
b1856aad-19b7-4679-a58b-e990e1f2f6bc,determinant.at,available,11.99,11.99,high,high,11,namesilo,,,01/10/2026 02:16
c3a9f993-d589-4d76-98d9-e801abd25368,pooled.at,available,,,high,low,6,,,,
c4573239-3635-40fb-8c9f-180fc883cc94,gelatine.at,resell,,,high,high,8,Domainers Registrar AG ( https://nic.at/registrar/668 ),,,26/09/2026 06:20
c8bc38fe-69dc-49d7-93c5-bc176b20b01f,rearrange.at,available,,,high,high,9,,,,
46b88e60-d253-4de3-a164-50996de9c8c9,bolivian.at,available,11.99,11.99,high,low,8,namesilo,,,10/08/2026 17:46
7c3886b7-f6ba-4931-9efb-b8099c32aede,dexter.at,available,,,high,low,6,,,,
459af6e3-306c-4017-894f-8babae605577,funbags.at,available,,,high,high,8,,,,
3d499614-578d-4af8-9e27-25e9bf8df41d,our.at,resell,,,high,medium,3,InterNetX GmbH ( https://nic.at/registrar/80 ),,,26/09/2026 07:57
71d8c8c8-f382-4748-8cae-87193c01a992,ingratiate.at,available,,,high,high,10,,,,
8d45b961-cdf1-408b-a2ac-e8871b842afa,refinements.at,available,,,high,low,11,,,,
7bc5691b-56cb-4b6e-a97a-6f42e9b84fbc,selfcontrol.at,available,11.99,11.99,high,high,12,namesilo,,,27/09/2026 05:21
8a05af69-a042-475c-9065-4ce213c39d4b,gowhole.at,available,,,high,high,7,,,,
ebbf584f-83ac-462f-92ad-6c59ffde004b,practicing.at,available,11.99,11.99,high,low,10,namesilo,,,
fc64fcdc-6c44-45d5-bce7-bbf6db9256de,skiboard.at,available,,,medium,low,9,,,,
44cef4d6-303a-4af8-a6f4-dc0158038104,hinted.at,available,,,high,high,6,,,,
beca71cb-2c4e-4444-913a-7820a5e9b4f1,effecter.at,available,,,high,high,8,,,,
6061c9e3-9eb0-4d18-8469-6a2c8a11574a,granule.at,available,,,high,high,7,,,,
00a20d8b-20b9-4fc8-8478-a7203497b56a,stertorous.at,available,,,medium,low,10,,,,10/09/2026 20:21
0e0ec6ab-d17f-4640-842a-91019f0b8ce2,port.at,resell,,,high,low,4,eu-kybele.at web invest gmbh & co KG ( https://nic.at/registrar/687 ),,,26/09/2026 08:15
8e5c3868-e4ca-4eea-a467-e454e9357974,greeters.at,available,,,high,low,8,,,,
13964052-8b93-46b9-b93d-32165bbabc22,substantially.at,available,11.12,11.12,high,low,13,dynadot,,,29/09/2026 21:22
dccc8f85-1cc5-4793-aad2-eff9e6dfb2e0,tools.at,resell,,,high,medium,5,INWX GmbH ( https://nic.at/registrar/453 ),,,26/09/2026 09:40
447c9d17-f212-4d9d-b9b0-c5a998171e99,transact.at,available,,,high,high,8,,,,
61c059cd-3c15-4f6a-892a-41b97849f2a6,edistribution.at,available,,,high,high,14,,,,
5a0b8998-2496-450d-8b90-429119e7eb77,baju.at,available,,,high,high,4,,,,
876dc4f3-bed7-4fa4-9024-46028407960f,benign.at,available,11.99,11.99,high,low,6,namesilo,,,09/08/2026 14:36
7d712cc0-2c9a-4867-90a3-ba518722fb15,omphalos.at,available,11.99,11.99,high,low,8,namesilo,,,23/09/2026 06:37
2ff9222a-b284-438d-97ca-97d08ddd5bc0,decatur.at,available,11.99,11.99,high,low,7,namesilo,,,27/09/2026 03:44
0b995478-8907-4bc8-a013-2a1bf86d6f9d,scaffolded.at,available,,,high,high,10,,,,
27be38da-7d53-4a2d-9ba3-6d436f8cee74,ecosystems.at,available,,,high,medium,10,,,,
e6685bd2-9703-45cc-97b7-164d9b4170aa,gating.at,available,,,high,high,6,,,,
8e3c5af2-f802-4532-b018-44cf3a77d153,phone.at,resell,,,high,low,5,InterNetX GmbH ( https://nic.at/registrar/80 ),,,29/09/2026 17:28
1b9816ad-9148-4f76-96cf-68ef452991b3,longitudinal.at,available,,,high,high,12,,,,
f7029364-b58e-4dbb-9271-548d7bbe75b5,industrialised.at,available,,,high,high,14,,,,
2659285d-aa1d-490c-a9f1-f5d8aa1232a6,cohesion.at,available,,,high,high,8,,,,
28d3666d-b425-4a77-b8e9-5ed2ec4fdc66,amplifies.at,available,18.99,18.99,medium,low,9,name.com,,,17/09/2026 20:54
d4067b2d-a2b4-4668-acf0-a1e28f513496,adaptitude.at,available,,,high,high,10,,,,
86c6c04c-01f8-4159-b329-92a3058d8890,banyan.at,available,11.99,11.99,high,low,6,namesilo,,,22/09/2026 02:04
21c65010-8987-47b7-b0ba-08238a0b5f1d,dustpan.at,available,,,high,high,7,,,,
3e631541-daae-4f7e-a277-042364f947c6,barnstar.at,available,,,high,high,8,,,,
c8ea11ab-e49d-49ab-91c9-1d6472f04576,congoland.at,available,,,high,high,9,,,,
b1a5285f-c004-4715-a332-6873d29791db,scathing.at,available,11.99,11.99,high,low,8,namesilo,,,09/09/2026 22:57
7afc25ae-53e1-4521-8dab-3b472f361989,vincible.at,available,11.99,11.99,medium,low,8,namesilo,,,09/08/2026 05:42
37f3718e-949c-4229-b817-cf70666a038c,topsyturvy.at,available,,,high,high,11,,,,
5d648d52-44f2-4cce-b185-a28fe1710e52,ginnels.at,available,,,medium,low,7,,,,
f7bcc91d-3383-40d7-8b53-8dd8e5bae8fa,guardsman.at,available,,,high,high,9,,,,
17f34f25-575e-4c3c-85f1-30841dc202eb,refuter.at,available,,,high,high,7,,,,
3a844c39-4fdd-4ce0-b6bb-08604448d590,overpromote.at,available,,,high,high,11,,,,
f5701626-fda9-4488-87a4-adb4d25775e3,maleah.at,available,,,high,high,6,,,,
2e098918-4bd1-4a0c-a5f8-898fe9a92361,leanna.at,available,,,high,high,6,,,,
4189c7a4-9bbb-47d7-8b68-854c2a847c34,confan.at,available,,,high,high,6,,,,
4f4fcb09-5e26-4844-ba47-3ae206a3973e,ellson.at,available,,,high,high,6,,,,
7107dc45-a0d4-4222-bcb3-edf5ec70556b,nonschizophrenic.at,available,,,high,high,16,,,,
7a0f90c4-4ee3-427b-bbbf-ee45e4b741bc,intumesce.at,available,,,high,high,9,,,,
5e6e4af1-6891-4082-b8a6-aa5447e63470,tufted.at,available,11.99,11.99,medium,low,6,namesilo,,,11/08/2026 13:14
ac060369-d56a-4412-af49-d1fa14e0110f,hostelry.at,available,11.99,11.99,high,low,8,namesilo,,,21/09/2026 02:26
6b307d6f-9668-4e3d-8ddb-65edc3b2f3ea,astana.at,available,18.99,18.99,high,low,6,name.com,,,18/09/2026 00:11
1455ad7b-fb51-49c7-ac41-16c6ee9def37,jinky.at,available,,,high,low,5,,,,
be66e448-2174-44a8-8bbb-229d9d1d599f,scooterist.at,available,,,high,high,10,,,,
c0e11039-b349-4d5d-a386-a8e15e322d7f,underskirt.at,available,,,high,high,10,,,,
7d7f3abc-fe63-493d-9113-c78211984ada,manage.at,resell,,,high,medium,6,EPAG Domainservices GmbH ( https://nic.at/registrar/372 ),,,28/09/2026 06:55
5d260bbf-d28d-4555-9ae0-63c72cd4ed7b,multitudinous.at,available,,,high,high,13,,,,
8b742646-b78c-4c04-af87-28fe9ee052a9,coiling.at,available,11.99,11.99,high,low,7,namesilo,,,12/08/2026 16:09
1a997821-51cc-4022-87de-693feccf022b,propels.at,available,,,high,high,7,,,,
cae8767b-8a61-46f9-93fd-bc2b7e1f927e,spiegel.at,available,,,high,high,7,,,,
fe1da24f-a2f0-4007-be62-af2d20eea6fc,selfwinding.at,available,,,high,high,12,,,,
588a5c53-70d0-4955-a38c-8d0e2210c937,nobleman.at,available,,,high,low,8,,,,
ac491a0f-8e22-48c3-bc52-ae82082f183c,nonprofessional.at,available,,,high,high,15,,,,
ceebcf39-3d48-4a03-bcf5-10dedfe256a8,saturnian.at,available,,,high,high,9,,,,
f3af207f-bb15-4459-9d35-b06b4a3d94eb,unfathomable.at,available,,,high,high,12,,,,
e9dfc2d7-4953-4e90-80c5-d3ab05347861,empirically.at,available,,,high,high,11,,,,
cee2b9d7-ab26-4b59-90be-25225e2e5ad7,unattached.at,available,11.99,11.99,high,low,10,namesilo,,,18/08/2026 14:48
5d7fdc3f-57a6-4c95-a606-5990d4e05f3d,cannulate.at,available,,,high,high,9,,,,
06d56cb5-68d7-489f-b5de-3bef760570a1,westoning.at,available,,,high,high,9,,,,
245344f9-cfc6-41d5-9a58-363ce2d87a18,semaphore.at,available,,,high,high,9,,,,
d424a002-ca0f-4e68-8c82-5f1c51acd391,coquelles.at,available,,,high,high,9,,,,
681105a3-9996-4d5a-8954-8d656e046a50,tangerine.at,available,,,high,low,9,,,,
e2851f1b-9dba-48f3-89a0-d41ccd5edf04,passers.at,available,,,high,low,7,,,,
56a3f212-2657-4637-83e8-18a8e7537657,raptorial.at,available,11.99,11.99,high,medium,9,namesilo,,,09/09/2026 10:23
8c799d51-8f40-4353-98f1-1c6805903c32,brained.at,available,,,high,high,7,,,,
3b96b874-af53-44bd-a894-69776a28ae52,haines.at,available,11.99,11.99,high,low,6,namesilo,,,28/09/2026 04:08
3ab843bf-fa1f-4b46-9b63-d41847ff2b93,preliminary.at,available,11.99,11.99,medium,low,11,namesilo,,,28/09/2026 11:22
0b4167ee-e2a4-4866-91e1-c5dd5597afee,silverback.at,available,,,high,high,10,,,,
e44638f6-fd10-4831-85b3-4aa99cc90a2e,rifts.at,available,,,high,medium,5,,,,
dbd0654c-b3d6-4d96-989b-efa44b5f05e3,domestics.at,available,,,high,low,9,,,,
6629be97-1629-439c-b464-6d9f620419f6,semiology.at,available,,,high,high,9,,,,
794a2f51-551d-44d2-9ac2-1dddc806df5f,incitive.at,available,11.99,11.99,medium,low,8,namesilo,,,22/08/2026 01:27
3174025f-2d8c-4af2-912f-a3fffeaa4be1,unsurprisingly.at,available,,,high,high,14,,,,
9d89ea7e-998d-46bd-9b42-47c04bb4bb96,irradiation.at,available,,,high,high,11,,,,
9c51a4e2-5378-466d-a7c7-5021854f7aa6,teleported.at,available,,,high,medium,10,,,,
91336efc-2236-4f42-8d7e-a857962f8bd1,efiler.at,available,,,high,high,7,,,,
778a1e9e-aded-413c-a46c-c16e9cda84d0,removes.at,available,11.09,11.09,medium,low,7,dynadot,,,30/09/2026 07:26
e5ca2c41-0427-4e7d-a3fb-a1623ef7d27b,idolatress.at,available,,,high,high,10,,,,
8b3ee880-1dd8-45de-8a9c-0f91dbcaa427,nonreligion.at,available,,,high,high,11,,,,
f36da3d8-25d9-4683-84c4-9369b859c3b7,chickadee.at,available,,,high,high,9,,,,
d90cf149-74b1-4b4b-87a9-39b1d9eb3c87,ragee.at,available,11.99,11.99,medium,low,5,namesilo,,,17/09/2026 15:18
37187987-a9ba-417b-9809-071f3e784e6f,decorating.at,available,11.99,11.99,high,low,10,namesilo,,,30/09/2026 04:09
3e264349-8e31-4750-9ddc-7dc2604db3b5,unfixed.at,available,11.99,11.99,medium,low,7,namesilo,,,12/09/2026 10:28
0925ffa3-84b6-4266-a098-ee5087e59005,apprising.at,available,,,high,high,9,,,,
ebfe9814-fd10-4fd5-87b3-4b3d78dc840c,slunk.at,available,,,high,high,5,,,,
bafdfd8e-66c8-4bf6-b46e-5e39364913c9,wormed.at,available,,,high,high,6,,,,
7b08ad1c-dcda-4451-9e19-d5b189632f12,pacesetter.at,available,,,high,high,10,,,,
24a67ca5-fca6-429e-8468-9d6e0b95c809,merino.at,available,,,high,high,6,,,,
68115a56-eaa2-47bd-960b-2969b38de536,overran.at,available,,,high,high,7,,,,
d520916b-de0d-4287-8c64-7a2703302ea0,basketmaker.at,available,,,high,high,11,,,,
89ba6c4e-6944-457a-ae21-b492aa981dbe,glamer.at,available,,,high,low,6,,,,
a7f58080-b003-4871-96df-b69bd54fe703,gustatory.at,available,11.99,11.99,high,low,9,namesilo,,,20/08/2026 21:07
0cf44c72-1da8-4843-8223-e7b5af0df6ec,troupe.at,available,,,high,high,6,,,,
5497069f-cf1e-4ac6-84ca-21f9164b9546,vanuatuan.at,available,,,high,high,9,,,,
a72363d5-21b2-4550-82a7-530f6628296e,papercutting.at,available,,,high,low,12,,,,
9ae017fa-5bc8-42cd-b9d7-db1e90ed48ab,minecrafter.at,available,,,high,high,11,,,,
35d61f45-8572-483e-b7e7-a73b8fe9d120,katari.at,available,11.99,11.99,high,low,6,namesilo,,,22/08/2026 15:12
1cca22cd-eea2-4210-bcec-1cf19d1856c4,kizzuwadna.at,available,,,high,high,10,,,,
72ba2d51-bc01-4b02-832d-04e5bb964782,unblushing.at,available,11.99,11.99,medium,low,10,namesilo,,,10/09/2026 05:55
13d6db3e-4f6b-41ea-8f20-655ecd54ccf7,greatgrand.at,available,,,high,high,11,,,,
ef015666-43d0-4020-9ede-10c3ae41935a,lovastatin.at,available,,,high,high,10,,,,
aefd4acd-cbd8-4de8-ab8c-a71ef6dc364f,stainthorpe.at,available,,,high,high,11,,,,
37ce588b-f87d-42d6-aca8-9916f705ad6c,resharpen.at,available,,,high,high,9,,,,
1c55add3-4b20-4e78-8bb6-ed7808e2a5c3,headpiece.at,available,,,high,high,9,,,,
ab611ed9-f96b-44d7-91bf-744bc7793a82,arafat.at,available,11.99,11.99,high,low,6,namesilo,,,19/09/2026 23:42
d35e7b2b-c401-4e06-ad9c-f8313e95f6b5,abolishing.at,available,,,high,medium,10,,,,
a1c7266f-bfb2-44d2-91ba-3a2573795e9a,argive.at,available,11.99,11.99,high,low,6,namesilo,,,06/08/2026 18:27
01437d8d-2e66-47a6-a449-363311c2195c,whisk.at,available,,,high,high,5,,,,
6e501a4a-5d5f-4ae1-b661-9cd71e82e8f9,sissified.at,available,11.99,11.99,medium,low,9,namesilo,,,12/08/2026 08:41
5180abee-3237-4968-ae71-4592ff89be70,madan.at,available,11.12,11.12,high,high,5,dynadot,,,29/09/2026 02:17
a0ca1267-a0f0-41b4-81fa-2d71fdb2bc58,bleeper.at,available,,,high,high,7,,,,
a6040131-5667-4012-bee2-2530275fe5d3,reanalyse.at,available,,,high,high,9,,,,
e232fac2-da0c-46e8-b012-b203783a466e,chotchke.at,available,,,high,high,8,,,,
e304fb73-c791-46b6-82f4-2c11ce22d9ba,arcsecond.at,available,11.99,11.99,high,low,9,namesilo,,,20/09/2026 02:41
a2bc3e22-7d10-431b-80c7-84e0944e2623,dotlike.at,available,,,high,high,7,,,,
a76998a4-1875-42b9-b541-4f940b2f34dc,regenerate.at,available,,,high,medium,10,,,,
c563b7f7-7549-49e2-89d9-0d2aa1419ad4,impressive.at,available,,,high,low,10,,,,
e60cb947-c37d-45a8-ba44-9f7b7146f947,morphemics.at,available,,,high,high,10,,,,
66040ba2-60f3-42f0-ba43-b087f4431233,shrouding.at,available,,,high,high,9,,,,
51b6d0f2-d26b-4b7b-8dd6-8991937f01d7,exploded.at,available,18.99,18.99,high,low,8,name.com,,,17/08/2026 18:28
5f57f104-f2af-469f-b443-17ad480be181,becomes.at,available,11.99,11.99,high,low,7,namesilo,,,27/09/2026 10:31
9096173c-ac69-4b5c-9c68-d09c1ba230cb,gomel.at,available,,,high,high,5,,,,
ed63aac7-346d-45b0-afec-05c74dfc58ee,goldseed.at,available,,,high,high,8,,,,
46056cba-f2cf-4250-9ac9-cf3de44b0285,fumarate.at,available,,,high,high,8,,,,
19fe168f-14fa-47b3-9f07-ba8d356e46c3,titrates.at,available,,,medium,low,8,,,,
a8c3c892-23c2-414a-a271-860fccdd0045,hundredfold.at,available,11.99,11.99,high,high,11,namesilo,,,01/10/2026 02:20
3472f16e-1656-441b-a1a8-429f8cd3018c,irreecha.at,available,,,high,high,8,,,,
68eb58c6-d2e2-4134-91bf-bbfbb9cad79d,backstairs.at,available,11.99,11.99,high,high,11,namesilo,,,08/08/2026 06:26
b44d4a51-d42d-4b0d-b2ff-b7ec585ad747,palsied.at,available,11.99,11.99,medium,low,7,namesilo,,,05/09/2026 00:19
ed12af1d-f67a-431f-903b-8b319f04418f,shrieked.at,available,11.99,11.99,high,medium,8,namesilo,,,10/09/2026 06:53
0ab467c7-4021-4350-b7c5-8a8796417a30,acidochromic.at,available,,,medium,low,12,,,,
95d76ae1-cc3c-4a7e-bd63-6539e5e21aa9,specious.at,available,11.99,11.99,high,medium,8,namesilo,,,10/09/2026 15:26
1c46fe0f-5315-42db-ab24-ffbb8db34255,humour.at,available,11.99,11.99,high,low,6,namesilo,,,24/09/2026 06:31
7f7a165c-05f0-4a26-8ad2-4ebf5d8599e0,ethel.at,available,11.99,11.99,high,low,5,namesilo,,,28/09/2026 07:21
160eda5a-424b-4190-acbf-29777c60d5e8,kansas.at,available,11.99,11.99,high,low,6,namesilo,,,30/09/2026 01:12
8484fe58-95f0-4f0c-a76e-8c611ae7783f,savings.at,resell,,,high,low,7,EWBCD GmbH ( https://nic.at/registrar/750 ),,,30/09/2026 07:09
da186a02-a731-40be-a006-34d43a0f59d5,allsorts.at,available,11.99,11.99,medium,low,9,namesilo,,,16/09/2026 05:53
c6aed5ba-ce65-4b38-a700-dbf0cd4ab66b,preannounce.at,available,,,high,high,11,,,,
c61330d5-79b9-4328-98c4-922c7acf70e2,pleaser.at,available,11.99,11.99,high,medium,7,namesilo,,,29/09/2026 02:21
9c317e58-6ba0-4bd5-9c06-da8ea581150e,highs.at,available,,,high,medium,5,,,,
e2170607-54e4-4c22-81eb-a52e1ecc3862,knitwork.at,available,,,high,high,8,,,,
237a68e1-9e8e-491a-aaab-ab2fcea89c21,functors.at,available,,,high,low,8,,,,
18e938ec-787a-4845-9f93-e3eb3927283c,betrayer.at,available,11.99,11.99,medium,low,8,namesilo,,,23/09/2026 11:31
83252976-43c8-4a0f-9fec-0a08f4ce70c8,tameness.at,available,,,high,high,8,,,,
d8234ece-3c01-48bd-a0a5-5ce6ac49d392,nations.at,available,11.99,11.99,high,low,7,namesilo,,,27/09/2026 22:54
af9f51ab-21cc-47c3-9860-83b9205777fd,exhalation.at,available,,,high,high,10,,,,
45b87f27-3460-409d-b810-b68cc874d18d,frag.at,available,,,high,high,4,,,,
968ba18c-877c-414e-9e37-aa8c77872069,sips.at,available,,,high,medium,4,,,,
9c7de469-fff0-4e66-929e-4c8797914ae9,satiated.at,available,11.99,11.99,high,low,8,namesilo,,,09/09/2026 21:39
9c2d7772-273f-44fd-9dae-818927b2a3b9,sweetening.at,available,,,high,high,10,,,,
e261c8d8-3f18-4050-bf79-8c75c61e097b,charting.at,available,,,high,high,8,,,,
e6275ac8-6aa1-44ce-aa1a-777642cc3fcf,victorian.at,available,11.99,11.99,high,low,9,namesilo,,,27/09/2026 05:38
d7784d7c-d332-415b-980c-4ebb30f1f52c,salvers.at,available,,,medium,low,7,,,,
bcf0380f-ac0c-4e75-a8f4-d1e68b84d5a0,reequip.at,available,,,high,high,8,,,,
35511cd6-98a4-43d3-83da-9180cc2b4a6c,resistible.at,available,11.99,11.99,high,low,10,namesilo,,,09/09/2026 15:20
e528db0d-f51e-4b6f-9ef8-49395f81e5fb,apprize.at,available,,,high,high,7,,,,
5fabefa7-a0ce-406c-9895-603eb0b2cf1e,marry.at,resell,,,high,low,5,EWBCD GmbH ( https://nic.at/registrar/750 ),,,26/09/2026 07:26
b51df75f-27be-41a0-8b6c-8f0b2499f42e,colorwork.at,available,,,high,high,9,,,,
3587c96c-c81b-493e-b617-952676be3076,austerity.at,available,11.99,11.99,high,low,9,namesilo,,,21/09/2026 04:40
3dc62b17-910e-418a-be91-e7757d2b8b9f,graveson.at,available,,,high,high,8,,,,
0388c089-a6d8-4428-9c88-04cd50ed0e58,floored.at,available,11.99,11.99,high,low,7,namesilo,,,18/08/2026 08:49
6f0dac0f-8b19-4b9e-b0cc-45f2a2e3235d,academicians.at,available,,,high,low,12,,,,
d312f57f-b55e-4bf1-9b2e-acfabe20e360,treemap.at,available,,,high,high,7,,,,
59aeb62a-bcc9-478a-b557-0ce77f2d2dda,quandary.at,available,,,high,high,8,,,,
5d8b2223-689f-4d15-abbc-e8c07f907ddc,ook.at,resell,,,high,high,3,Domainers Registrar AG ( https://nic.at/registrar/668 ),,,26/09/2026 07:54
a562a1d2-7676-45ae-9f85-b81d6e56c4b7,monogenic.at,available,11.99,11.99,high,low,9,namesilo,,,25/08/2026 05:13
881c5dda-69e0-4cef-8c23-fe96ccee83b7,unisdr.at,available,,,high,high,6,,,,
5bb4f1f1-f4e9-449d-82f9-a642fe4110dd,snugly.at,available,11.99,11.99,high,low,6,namesilo,,,16/09/2026 03:31
6ea53192-76e3-44fa-a48f-3a02e9f7d14d,manhater.at,available,,,high,low,9,,,,
66688285-4306-49d9-8cba-1ad76493fd04,wonderer.at,available,,,high,high,8,,,,
d457cd34-528b-49b9-aac2-0e9ad05f34df,weevil.at,available,,,high,high,6,,,,
a917d212-2107-4d18-b38f-4a931cedbffb,ocher.at,available,11.99,11.99,high,low,5,namesilo,,,04/09/2026 00:31
67ca73c6-6775-4f76-8c57-267ebb6de882,periodically.at,available,11.09,11.09,high,low,12,dynadot,,,30/09/2026 14:44
640caca5-19f5-4751-80a2-4708330d86ef,pradesh.at,available,11.99,11.99,high,low,7,namesilo,,,28/09/2026 03:36
f90c0478-053f-43e8-ac94-430fffdde9b7,scaley.at,available,11.99,11.99,medium,low,6,namesilo,,,09/09/2026 22:18
b27bbe1e-4f59-445b-9de0-c20396b637e7,yoghourts.at,available,,,medium,low,9,,,,
351db1cc-25af-4da4-843a-d589a979c33e,symphony.at,available,,,high,low,8,,,,
e6cfcae0-615f-4918-9826-ba1fca19876d,bushy.at,available,11.99,11.99,high,low,5,namesilo,,,11/08/2026 11:15
3f775aa2-d467-4e82-830e-b5faffef0e03,shielded.at,available,11.99,11.99,high,medium,8,namesilo,,,10/09/2026 06:27
eb9cd6af-bf4c-4e97-815e-8b501e648b5d,tagalong.at,available,,,high,high,8,,,,
7b60edad-a6d5-4a48-97bb-4b4649183695,windcheaters.at,available,,,medium,low,12,,,,
2242e9d9-1132-4742-b133-2c0d9e2dd6c7,volvo.at,available,,,high,low,5,,,,
08a41cf1-cb6d-4962-80dc-04ab9832decd,capsulize.at,available,18.99,18.99,high,low,9,name.com,,,11/08/2026 18:15
a7bca4c6-4150-4684-b5a3-1e6dc08f9797,nugatory.at,available,11.99,11.99,medium,low,8,namesilo,,,03/09/2026 22:26
75a7181d-6e47-47f2-b0ba-ad387cb07ff3,choline.at,available,,,high,high,7,,,,
4562b247-e48c-4b3b-bb58-836cec42d56f,newsboat.at,available,,,high,high,8,,,,
1d661afd-afd1-4119-a761-0f630ada2d34,mastication.at,available,,,high,high,11,,,,
c6229470-21d4-48f7-b878-7271d4f57e62,extracurricular.at,available,11.99,11.99,high,high,15,namesilo,,,27/09/2026 05:52
23445ee1-6483-4824-8ac7-db60fe54d704,carmichael.at,available,17.99,17.99,high,low,10,godaddy,,,28/09/2026 02:01
3d764404-aa95-41a3-a18c-d27ec08a9137,wishful.at,available,11.99,11.99,high,low,7,namesilo,,,07/08/2026 05:07
8ef46052-4243-477a-8aec-45f5c99b7534,lunchtime.at,available,,,high,low,10,,,,
ce288281-eb0a-4fd0-8ef1-22246ebff0bd,triggered.at,available,11.12,11.12,medium,low,9,dynadot,,,29/09/2026 05:24
2f48cbc2-5e15-4b4e-9ef1-dee422f24f39,apples.at,available,,,high,low,6,,,,
fd422aba-f038-4ff6-8edc-2d0f9982b81e,droning.at,available,11.99,11.99,high,low,7,namesilo,,,25/08/2026 05:28
72faf644-0a88-4c52-9f31-43894f7675eb,harbourage.at,available,,,high,high,10,,,,
9a1efe6f-39ce-4230-b6de-b252d05a5117,tuatara.at,available,,,high,high,7,,,,
f27222e9-2f7a-4731-8389-6f7fd8bd96d8,incan.at,available,11.99,11.99,high,low,5,namesilo,,,22/08/2026 00:44
dbe97e8f-e820-4551-987d-c3c398f0c9a3,europeanisation.at,available,,,high,low,15,,,,
8cab30fa-1101-4769-812b-90dd487d9640,accompanied.at,available,11.99,11.99,high,low,11,namesilo,,,29/09/2026 10:27
991929e6-0969-4d25-9659-90b1584f4afd,manageableness.at,available,,,medium,low,14,,,,
c72fb660-5eb7-4e94-bf67-4e2b8295eaee,baldhead.at,available,11.99,11.99,high,low,8,namesilo,,,21/09/2026 21:41
db5a4731-b0aa-4a60-b2a7-9d1779a148e2,caudate.at,available,11.99,11.99,high,low,7,namesilo,,,11/08/2026 22:26
60ab05db-cd50-4eff-8913-b54ec6f214df,lovably.at,available,,,high,high,7,,,,
afd528a9-bf61-4206-b152-6917a52bdd22,babygro.at,available,,,high,high,7,,,,
6375ff6f-86e9-453b-92e6-4e478c6c49d1,amboy.at,available,11.12,11.12,high,low,5,dynadot,,,29/09/2026 21:41
ab0aa223-3044-4cd3-8346-43b796d4fc69,highland.at,available,18.99,18.99,high,low,8,name.com,,,21/08/2026 09:16
27358cae-7fb7-4b83-8e5c-bf0c47e9efbb,cockcrow.at,available,11.99,11.99,high,low,8,namesilo,,,11/09/2026 02:11
e42f89bc-b6e8-44a1-9d3b-350e48985e6a,patted.at,available,,,medium,low,6,,,,
89aaae31-03da-4b03-9a97-cdd977e821c7,downmarket.at,available,18.99,18.99,high,low,10,name.com,,,14/08/2026 17:48
5b404eef-145d-46d6-83a2-7ced8dbf9c2a,timekeepers.at,available,,,high,medium,11,,,,
66c221c3-948f-4725-8323-b9194edd4c99,apogean.at,available,11.99,11.99,medium,low,7,namesilo,,,06/08/2026 01:57
5ec084ec-edb6-458c-8f73-16f4f9c5b6e3,smallie.at,available,,,high,high,7,,,,
bd3db4cc-442f-4059-833d-90d5c63a34a5,orientated.at,available,,,high,low,10,,,,04/09/2026 17:54
c113a763-497e-443a-9298-35c53851caa5,popes.at,available,,,high,low,5,,,,
32a98ae5-41eb-46cc-8f41-c0b80626415f,sisyphean.at,available,11.99,11.99,medium,low,9,namesilo,,,10/09/2026 08:58
1e5414dd-5da5-4127-b1ca-893d703f9a7c,sparked.at,available,11.99,11.99,high,low,7,namesilo,,,30/09/2026 04:13
7d47c6a7-c12f-43e5-b409-574f0c64d68b,motorcoach.at,available,11.99,11.99,high,low,10,namesilo,,,21/09/2026 06:31
9d5a7728-200e-4faf-b049-e9bc955386ab,something.at,resell,,,high,low,9,"GoDaddy.com, LLC ( https://nic.at/registrar/693 )",,,01/10/2026 00:22
ade48117-fecd-4ed7-9d85-aa2a08361012,suborbital.at,available,11.99,11.99,high,low,10,namesilo,,,11/09/2026 00:34
867a48fc-3070-48bc-949d-9e19d5f751f6,anecdotist.at,available,11.99,11.99,high,low,10,namesilo,,,19/09/2026 05:08
5c4d2419-3244-4d96-b0e1-167ca6482476,inculpate.at,available,,,high,high,9,,,,
27d983c9-388b-44ad-9389-680c053d1fb3,along.at,available,11.99,11.99,high,high,5,namesilo,,,26/09/2026 00:12
d7dc9eb0-b9b9-46d4-8908-c26b58d5df57,cityfied.at,available,11.99,11.99,medium,low,8,namesilo,,,12/08/2026 08:49
e2ab6145-dd14-45f8-bd08-96ec1bc504c9,instructively.at,available,,,high,high,13,,,,
8bdd24dc-6bb7-49d1-a750-6eb13cdcb355,wobbles.at,available,,,medium,low,7,,,,
e04c2b3c-511d-478e-9624-8f35b2097a6b,gestate.at,available,,,high,high,7,,,,
437cff4e-6d58-407b-b9d2-c2d6fcd1ba87,gyroscopic.at,available,18.99,18.99,high,low,10,name.com,,,20/08/2026 21:21
61f8487c-e77e-414c-b405-9e5b72804c12,sudden.at,available,11.99,11.99,high,low,6,namesilo,,,28/09/2026 01:51
2ca63831-c1da-4f6c-8705-af3e4d2efbd3,stuffing.at,available,11.99,11.99,high,low,8,namesilo,,,29/09/2026 14:01
2c289478-8607-47f8-944c-a315f31740d3,contrail.at,available,,,high,high,8,,,,
8a09c324-0b0a-495b-a1c4-c22d17f799e1,homologous.at,available,11.99,11.99,high,low,10,namesilo,,,21/08/2026 12:58
f5039304-23e3-45ae-8f72-e62451ad6c72,uniquely.at,available,11.99,11.99,high,low,8,namesilo,,,16/09/2026 10:06
f94911f7-679c-455b-bbda-0a82bfc71a44,acidic.at,available,11.99,11.99,high,low,6,namesilo,,,
55e67995-84f5-4007-b2d2-cad1d6866a64,ponytails.at,available,,,high,low,9,,,,
bb4aaf0c-0074-47f7-93a9-135857543edb,herculinian.at,available,,,medium,low,11,,,,
5ecf13f2-39b5-4b29-9b4f-0c564cafb83b,changing.at,available,11.99,11.99,high,low,8,namesilo,,,23/09/2026 13:46
42eba9ab-a405-4f3c-a4fb-09098094b768,michiganders.at,available,,,high,low,12,,,,
16b3543f-7add-40a4-9c5c-dbddcd02a375,costumed.at,available,11.99,11.99,high,low,8,namesilo,,,13/08/2026 03:18
d7fdbce8-ed01-4cc0-bfd2-d4d001ca0de1,mundane.at,available,11.99,11.99,high,low,7,namesilo,,,17/08/2026 14:55
d06d88ae-e83d-4557-9715-11cc200ced24,puddingy.at,available,,,high,high,8,,,,
1d78b790-1c68-409e-8415-9eed7be744c7,dimpled.at,available,,,high,high,7,,,,
6e7b7910-b364-4af2-b3bf-fc0add744fc0,bucketload.at,available,,,high,high,10,,,,
0fbcd386-7e62-48be-866f-33c80a25fd81,prideful.at,available,11.99,11.99,high,low,8,namesilo,,,17/08/2026 19:48
9846674e-2669-41e8-8d2a-7229c6659ca7,pusan.at,available,,,high,high,5,,,,
660257c0-6853-4dbe-a052-0d86cf9e3c41,usatf.at,available,,,high,low,5,,,,
c5122f49-7924-4c9f-9455-5bf5b350b6bc,brushwise.at,available,,,high,high,9,,,,
ec647691-0748-4aaf-8537-414619e7aea5,clements.at,available,11.99,11.99,high,low,8,namesilo,,,30/09/2026 13:46
8e037a75-deb8-4511-b4e4-d084ddc1de89,freelances.at,available,,,high,medium,10,,,,
35e18349-deb9-4ae0-ac27-0b78849a3ffd,nudes.at,available,,,high,medium,5,,,,
e61ce7a1-730d-4b11-a676-7c9819749f05,elliniko.at,available,,,high,high,8,,,,
de943a4c-fcd1-4a08-93a2-d8164a060e8e,sultrily.at,available,11.99,11.99,medium,low,8,namesilo,,,16/09/2026 01:00
c2645981-b0aa-425d-94e1-d7f07917a18c,mantua.at,available,,,high,high,6,,,,
b9a71182-8735-49bc-bd64-ddbdf8680473,muckland.at,available,,,high,high,8,,,,
905a5079-b166-453f-b7e3-f523b83d5e95,catamarans.at,available,,,high,medium,10,,,,
19670366-e5d7-4a5a-a93d-78199e212276,abbreviater.at,available,,,high,high,11,,,,
6ae338ad-0381-49c8-9ce5-110f0c675203,subsegment.at,available,,,high,high,10,,,,
371d86a3-1d65-4ed9-907c-8ee981d8cfe1,sweetfish.at,available,,,high,low,9,,,,
0e557b0b-0721-4b95-9f62-baaa6e2fee69,terence.at,available,11.99,11.99,high,low,7,namesilo,,,27/09/2026 15:27
c730e034-d4b8-45e2-a527-19e38d0d319b,relents.at,available,,,medium,low,7,,,,
0d199e29-8b0c-436a-931d-5f7f2ba6c984,studs.at,available,11.99,11.99,high,low,5,namesilo,,,
739e98dc-3d02-4ebe-af49-f8aabd339af8,imperious.at,available,11.99,11.99,medium,low,9,namesilo,,,21/08/2026 01:26
54f556ac-ee15-4fde-9641-adb306d60c03,maldivan.at,available,,,high,high,8,,,,
b7084123-cb14-4f7a-928e-05581bb9bba9,acidophobia.at,available,,,medium,low,11,,,,
b9d6d0bd-7859-4eb2-914b-9806755f240b,supplying.at,available,11.99,11.99,high,low,9,namesilo,,,30/09/2026 11:07
aa792016-0c2c-4ed1-9109-dd673ca1a44f,vespucci.at,available,18.99,18.99,high,low,8,name.com,,,18/09/2026 21:04
4cac05ca-a309-4a50-be23-33e01d52a17b,guiding.at,available,,,high,low,7,,,,
884f12be-fcd1-4c40-8dee-cf99a3dda855,dives.at,available,,,high,low,5,,,,
d04189b6-947c-4194-9fa7-c0cf41286b55,qualifications.at,available,,,high,low,14,,,,
50611faf-64b3-4a7d-ae6a-23da3cf9f2c1,peccadillo.at,available,,,high,high,10,,,,
e0489fbb-0cd1-4c19-9673-dcfc81302056,dionysiac.at,available,,,high,high,9,,,,
f691949c-062f-4fe2-a86e-1911f73af7b3,duplex.at,available,,,high,low,6,,,,
54c67d70-3f58-40b3-8a5e-241dfec261d9,bhang.at,available,11.99,11.99,medium,low,5,namesilo,,,23/09/2026 12:34
7347456e-9773-4c82-9fa2-1b5d09d1d6d5,simplistic.at,available,11.99,11.99,high,medium,10,namesilo,,,10/09/2026 08:16
af9f5b2e-4d51-43e2-9780-814bac179d95,overside.at,available,11.99,11.99,high,low,8,namesilo,,,15/09/2026 18:29
4b6ba513-a2b2-422f-a1cd-1b150bf52ec1,jaguarundis.at,available,,,medium,low,11,,,,
84d2c80d-10be-4cae-a1d8-7af53baca727,athole.at,available,,,high,high,6,,,,
8edde7a4-d6a8-49b7-99a0-0288c3bc9e1e,muddy.at,available,11.99,11.99,high,low,5,namesilo,,,10/08/2026 17:08
f6a72ed4-0746-4dda-aaaa-6e67389ea065,nanometer.at,available,,,high,high,9,,,,
aa54ab5c-e2ec-46b8-b6d8-c87dcc00869a,spaciously.at,available,11.99,11.99,high,low,10,namesilo,,,16/09/2026 00:04
e2b0e010-1a34-4b52-bc14-c2a83f6acae8,stace.at,available,,,high,high,5,,,,
605801b9-2aa9-4a97-ba49-d4f12aaa285a,apparel.at,resell,,,high,low,7,eu-iris.at web invest gmbh & co KG ( https://nic.at/registrar/679 ),,,28/09/2026 21:48
94831bd4-1a2c-4a9c-b2ad-296a68c5474b,nonviable.at,available,,,medium,low,9,,,,03/09/2026 21:02
398f1aa8-3de7-46b8-9e86-e6997480df75,calves.at,available,11.99,11.99,medium,low,6,namesilo,,,29/09/2026 23:18
f58581a5-c4ea-4b6e-b374-a93b071e448c,acetal.at,available,11.99,11.99,high,low,6,namesilo,,,16/09/2026 23:47
f0e00ef5-467a-43c2-9351-d2b2e0c4ee0a,quiltmaking.at,available,,,high,low,11,,,,
e335f2b3-484e-47a9-b433-3ee5aebb847c,snatcher.at,available,11.99,11.99,high,low,8,namesilo,,,16/09/2026 14:55
cb729657-5827-4d63-b10d-165174260118,maltese.at,available,11.99,11.99,high,low,7,namesilo,,,24/08/2026 14:15
fd692ec2-b88f-4674-b7c5-a94eac3f5e50,accordingly.at,available,11.99,11.99,medium,low,11,namesilo,,,29/09/2026 02:47
337562ed-960c-4225-8366-2fc91f3f1efe,footer.at,available,11.99,11.99,high,low,6,namesilo,,,08/09/2026 12:38
c1d56b04-a3ce-4e30-9d88-6c3131c97346,enchanted.at,available,,,high,low,9,,,,
a986773d-e1b6-41af-bda1-eb5a385da584,basening.at,available,,,medium,low,8,,,,
81ff5eaf-d827-49e5-b576-fb42a4861490,genteel.at,available,11.99,11.99,high,low,7,namesilo,,,13/08/2026 10:19
22b0580e-40ad-443e-b1b1-48adc59b44bd,ovenproof.at,available,,,high,low,10,,,,
b2cf2e71-c8d9-4c2a-a034-4de986c8cdb6,artificialism.at,available,,,high,high,13,,,,
c60e13aa-fcdc-409a-a506-95296abc6a20,massachusetts.at,available,11.99,11.99,medium,low,13,namesilo,,,28/09/2026 11:48
db24f726-b75e-43d5-bd31-ebe6346a374b,horseknop.at,available,,,high,low,9,,,,
264a1518-bb19-4a7c-8335-85325ce44e33,rapist.at,available,11.99,11.99,high,low,6,namesilo,,,30/09/2026 10:57
be4910f8-6a78-42df-900e-2539178b0868,contralto.at,available,11.99,11.99,high,low,9,namesilo,,,
439532a3-6e7a-49e2-82de-3afecbbc934b,pud.at,resell,,,high,high,3,InterNetX GmbH ( https://nic.at/registrar/80 ),,,26/09/2026 08:24
0ddf88c5-ef08-4658-a5a7-858df0f019ab,protectorate.at,available,,,high,high,12,,,,
32568025-e380-4fea-936f-77d5926c3029,ionise.at,available,,,high,high,6,,,,
e99f97e4-e6fb-478f-944a-f878ba08553b,wilfred.at,available,11.99,11.99,medium,low,7,namesilo,,,28/09/2026 07:49
7d485b4d-b954-4965-9ac4-728b5a103ed5,bluegills.at,available,,,medium,low,9,,,,
09f375ae-b606-43d7-b773-26daacb23de3,articles.at,resell,,,high,low,8,EWBCD GmbH ( https://nic.at/registrar/750 ),,,28/09/2026 04:25
6e83a546-9bfa-4305-ad27-3dec66560a0d,absolutizable.at,available,,,medium,low,13,,,,
91316eee-9c55-426e-b965-ca8276320cf3,bankrolled.at,available,,,medium,low,10,,,,
7d921460-dc62-4a93-8e2e-441ccfaff9b8,crowell.at,available,11.99,11.99,high,low,7,namesilo,,,29/09/2026 09:14
62faa398-f375-47c1-8e32-45330b8f94d8,algren.at,available,11.99,11.99,high,low,6,namesilo,,,18/09/2026 07:18
e707c3ff-9efa-4f20-9805-e71c5c4e4938,clxxv.at,available,11.99,11.99,medium,low,5,namesilo,,,
90e0a104-6462-4d7b-8fdf-67f95a413232,compares.at,available,11.99,11.99,high,low,8,namesilo,,,30/09/2026 15:18
30df3e5b-c1c3-4273-b40a-397513aee1f7,reluctance.at,available,11.99,11.99,high,low,10,namesilo,,,30/09/2026 10:58
73845f8c-414b-4fe6-bc43-d6ac605c9afa,ballota.at,available,11.99,11.99,high,low,7,namesilo,,,21/09/2026 23:16
63399ae0-e549-4033-80ec-2387b2c0f266,fraisthorpe.at,available,,,high,high,11,,,,
7ebcc2af-f93d-42eb-b1a9-a59071779273,assassination.at,available,11.99,11.99,medium,low,13,namesilo,,,28/09/2026 11:16
d9480351-adfd-4099-9547-686f429eb3e7,pareve.at,available,11.99,11.99,high,low,6,namesilo,,,08/09/2026 01:25
76d3eee2-e7cf-4b46-84a4-4574d33091db,monarchism.at,available,,,high,high,10,,,,
f4f3b80d-ad08-40d2-b918-de139891fd61,batcher.at,available,,,high,high,7,,,,
2818de8e-1fbb-4cf3-a6cd-89c21fa01d1e,quintette.at,available,18.99,18.99,high,low,9,name.com,,,09/09/2026 09:00
0ea5a8c6-94e5-4f2c-b0cb-3ed69e89598b,whitbread.at,available,,,high,high,9,,,,
e90259e5-a7d7-4dc8-970d-065b7fd7791a,coeval.at,available,11.99,11.99,high,low,6,namesilo,,,12/08/2026 15:28
4cc3e252-579e-477c-a575-85513918172d,arioso.at,available,11.99,11.99,high,low,6,namesilo,,,20/09/2026 05:35
4dc63ecf-f694-41f5-8667-8daa79dce213,perambulator.at,available,,,high,high,12,,,,
fabc861b-324f-4e76-b59a-082b3f60201e,phelps.at,available,,,high,low,6,,,,
83614bce-ae1b-4b7f-beb3-f3bce31ae8e4,songstresses.at,available,,,medium,low,12,,,,
17c5da9a-ff47-4c00-b9c1-d919185ffe3a,coordination.at,available,11.99,11.99,high,low,12,namesilo,,,29/09/2026 23:16
2173b10e-56cc-47d7-bc5b-68830cbee80f,hertford.at,available,11.99,11.99,high,low,8,namesilo,,,29/09/2026 22:01
e03ea14b-baf2-49a4-9e9d-bc8d93c31f47,grapeshot.at,available,,,high,high,9,,,,
a643e59f-af32-4c81-9957-1e85c59478db,reordered.at,available,,,high,low,9,,,,
3133bcd6-da41-474d-85a5-3e0ed8aa9a6e,perspicuity.at,available,,,high,high,11,,,,
76bdfcb9-29f9-4f33-bf9a-74b7a0c9a0ed,impaired.at,available,18.99,18.99,high,low,8,name.com,,,21/08/2026 21:40
82452980-7b29-42cc-aed3-c3b34a5e2a96,unvoted.at,available,,,high,medium,7,,,,
2518a3b8-3093-4b45-af66-035fd3bdb935,hillward.at,available,,,medium,low,8,,,,
b8b70695-d3ea-49e3-8cf0-eb17a8c215fa,relisten.at,available,,,high,high,8,,,,
410d6585-b66d-41dd-b312-3d54ff45e2ac,infiltrate.at,available,11.99,11.99,high,low,10,namesilo,,,29/09/2026 20:43
9ff55a77-bb3b-4dfa-bf4a-7d6632e4cb4e,actualize.at,available,,,high,high,9,,,,
82182800-6f14-4533-8031-3fc075385084,lawndale.at,available,,,high,high,8,,,,
b9223f8c-2ca8-4afa-b6ff-2fe1d3c5c29c,newswires.at,available,,,high,low,9,,,,
ac26df1b-8b01-45b1-8858-fd5602fbf849,gunner.at,available,11.99,11.99,high,low,6,namesilo,,,20/09/2026 11:48
92728df6-0c13-4386-a70b-ffedfc33516e,kasparov.at,available,,,high,high,8,,,,
322d9e9f-8753-43e1-b45b-67eab09a6af3,avah.at,available,,,high,high,4,,,,
b3a9c4e4-da99-4ab1-8549-7da3a7e4cd9f,hmtss.at,available,,,medium,low,5,,,,
bbba4da8-f037-4c57-be5f-132bfcdbbf52,nannette.at,available,,,high,high,8,,,,
044fef4c-a441-4749-83c7-2d6d8368bfd3,baloney.at,available,11.99,11.99,high,low,7,namesilo,,,21/09/2026 23:43
fe90e610-a1ef-47b8-91f7-f386907dc67b,hind.at,available,11.99,11.99,high,low,4,namesilo,,,21/08/2026 09:26
1c82464d-c94c-4f8c-89bd-ccee93eb66d5,substations.at,available,,,high,low,11,,,,
74dd31da-960a-4549-b384-d50b1395b927,destructive.at,available,11.09,11.09,high,low,11,dynadot,,,30/09/2026 23:46
31df74fb-4404-4e01-8042-81da8d056206,myths.at,available,11.99,11.99,medium,low,5,namesilo,,,30/09/2026 00:32
55950ddb-1377-4643-b53f-1a27f6684c22,enounce.at,available,,,high,high,7,,,,
a133b08c-e3f3-4e4c-af6d-f83a97a31e92,portuguese.at,resell,,,high,low,10,web invest gmbh ( https://nic.at/registrar/569 ),,,26/09/2026 08:15
5b9723b7-1cb2-4e8f-88f2-05245c1f6901,flittering.at,available,,,high,high,10,,,,
f707a584-32c8-4e63-bf20-c01298750392,ushl.at,available,,,high,high,4,,,,
cd676675-17df-4352-bcfb-abbf8860ff60,duvetyne.at,available,,,high,low,8,,,,
602cf94b-57d9-44b3-b744-92e6e0c4bec6,kasey.at,available,,,high,high,5,,,,
ea046419-1b14-417e-831d-dc3c609a16ae,restocked.at,available,,,high,low,9,,,,
edee082f-8a1e-4490-8d38-9bf9a42ad3fe,brimstone.at,available,,,high,high,9,,,,
2952ec7b-a8d0-4535-a685-5c502c502eb2,brethren.at,available,11.99,11.99,high,low,8,namesilo,,,30/09/2026 00:52
8896c36e-4f1b-455c-a678-8ec7cfeb1253,friant.at,available,,,high,high,6,,,,
9f1525ed-275e-43f9-b217-c98573c047d4,xoxo.at,available,,,high,medium,4,,,,
0b28c31d-6684-4e1a-bbb7-c5cbb260cdcf,shoutee.at,available,,,high,high,7,,,,
574ec979-d255-495d-b0fd-2ca9706d4ac2,impactful.at,available,,,high,high,9,,,,
72ee2299-336c-4b97-baab-e8d5db6d02fe,mitigation.at,available,,,high,high,10,,,,
2ea3e499-f669-4924-b8df-6136536d39ca,wettable.at,available,,,high,high,8,,,,
fcfae70b-3703-4819-bbb4-6af8cfe81861,pathological.at,available,11.12,11.12,high,low,12,dynadot,,,29/09/2026 21:08
c3a51480-fefb-4530-949d-c8b67c72b549,unblighted.at,available,,,high,low,10,,,,
44d1f66f-6085-4cef-a19c-633bf1c56214,altruisms.at,available,,,high,low,9,,,,
f5d1cf16-65b7-46be-b2c9-922eb9d2dc49,sexes.at,available,,,high,low,5,,,,
067aea40-c7ab-4e73-8835-037699b5b815,choppy.at,available,11.99,11.99,high,low,6,namesilo,,,23/09/2026 14:30
40cbb2f1-b369-46ce-9621-8e002fe5f83f,bookworms.at,available,,,high,medium,9,,,,
09265fd6-5f25-4003-a465-bc6bedd67017,nonmouse.at,available,,,high,high,8,,,,
4e56b7fe-1498-4c6d-8af1-7908abdec53d,heiduc.at,available,,,high,high,6,,,,
c4e978b7-2574-4f42-9f84-34a0193efdb4,washrag.at,available,,,high,high,7,,,,
854b17ec-d329-46fa-b0ce-4d74a263cd9f,whiff.at,available,11.99,11.99,high,low,5,namesilo,,,09/09/2026 05:39
6a86b8ee-0d65-47a4-87f6-0bd925a94601,lapsed.at,available,11.99,11.99,high,low,6,namesilo,,,22/08/2026 19:47
43dc7462-59d6-4f27-a5bd-920c23e54a7d,vastness.at,available,,,high,high,8,,,,
5daf3ed0-4ed4-40fb-9428-714e52b53e00,bacitracin.at,available,11.99,11.99,high,low,10,namesilo,,,21/09/2026 14:25
e8da2303-87af-45c3-a429-9fe345303767,westport.at,available,11.99,11.99,high,low,8,namesilo,,,28/09/2026 08:11
aca5263b-5a87-4dc1-9d8b-6bdd9ea43bd5,topee.at,available,,,high,high,5,,,,
9e633abf-4f51-46cf-911c-7cf7095a52e7,semicharmed.at,available,,,high,low,12,,,,
3b7ab194-ab1d-427f-96d8-07c024b356a2,zookeeping.at,available,,,high,low,10,,,,
61cb81bb-3f3c-46f7-9e26-41068070d4fa,remington.at,available,,,high,low,9,,,,
a0640769-aa5a-4f6e-914a-3ab6a3b48e88,selfinduce.at,available,,,high,high,11,,,,
484b62e8-fc86-45a9-b656-8fb6cbccec54,notifying.at,available,,,high,low,9,,,,
e5e97766-8054-4501-a956-796a2b7eacb9,supermicrocomputer.at,available,,,high,high,18,,,,
916d6be4-b2cf-45c2-b974-639d24be18bf,nightsuit.at,available,,,high,high,9,,,,
8baae7a5-9c95-4815-9232-05d1809eba2e,farmyard.at,available,,,high,high,8,,,,
d1cfe2b0-a657-4ecd-8c74-d4b15afb245d,beating.at,available,11.99,11.99,high,low,7,namesilo,,,28/09/2026 10:26
6d6aa2ad-7c6b-40d4-8e56-0231a982ed1b,basewoman.at,available,,,high,high,9,,,,
7d432602-37f0-4188-ac6f-8945b33141d9,retros.at,available,,,high,low,6,,,,
dc36324f-866e-452b-b967-6fa0a79b575e,eurolaw.at,available,,,high,high,7,,,,
3e509cb9-f2a5-4b51-9471-73ef8b223dab,timepass.at,available,,,high,high,8,,,,
26b061d7-bc5a-4771-aead-7a982f24e9fd,redmond.at,available,11.99,11.99,medium,low,7,namesilo,,,28/09/2026 11:41
967cb0d8-8942-4acc-b274-2307968c850c,necks.at,available,11.99,11.99,medium,low,5,namesilo,,,19/09/2026 20:42
892c5cac-f6c6-468b-9ee5-7df501be188e,gestation.at,available,,,high,high,9,,,,
640b3a04-522b-4f5d-8424-55abc86fbdb8,deboard.at,available,,,high,high,7,,,,
1e02d296-f568-43d4-9f93-a27427d225cf,occupancy.at,available,,,high,high,9,,,,
2d1b4d27-95fb-4e5f-9fbd-b4e992b9e79d,flowerlike.at,available,,,high,high,10,,,,
3688789f-1659-4538-9819-950348084409,reims.at,available,11.12,11.12,high,low,5,dynadot,,,29/09/2026 13:45
a130697c-9505-4230-bb89-4847d29229ed,elsie.at,available,11.99,11.99,high,low,5,namesilo,,,27/09/2026 07:34
5f3baa7c-6a11-4185-82e7-bfe0de2917ad,seek.at,resell,,,high,low,4,Florian Wieser ( https://nic.at/registrar/462 ),,,28/09/2026 23:05
7bef28b5-4b5f-4b36-8342-96349aa3ae17,gazebo.at,available,,,high,high,6,,,,
0d83037c-a8c6-4364-ba05-9a4788fff5cf,guvnor.at,available,,,high,high,6,,,,
1214367b-6d06-43d7-aa4c-db123c7d3ab0,sumbuddy.at,available,11.99,11.99,medium,low,8,namesilo,,,
3e7f70f7-7673-4ea0-9496-099cad145598,ticked.at,available,,,high,high,6,,,,
059f9a03-acef-4337-9f78-4c50dba94824,counteracted.at,available,,,medium,low,12,,,,
fad36199-86ee-4362-8eb2-d377ed575634,postbuild.at,available,,,high,high,10,,,,
d9fab009-171c-48b5-a8b4-d29757000684,emu.at,available,,,high,high,3,,,,
832ed183-4afc-4dc7-baa3-07a077dc9fb7,ashby.at,available,11.99,11.99,medium,low,5,namesilo,,,28/09/2026 16:37
bf13381e-7618-4b35-bcbf-a858d94c45f6,younging.at,available,,,high,high,8,,,,
e92e7ab9-f6cc-442f-a90e-819fff704541,markers.at,available,11.99,11.99,medium,low,7,namesilo,,,29/09/2026 06:04
6361b9b2-f0f9-4ed7-8e03-408a367e32ba,frenchesque.at,available,,,high,high,12,,,,
363362d5-73d2-4b25-8c2d-2b2c081b4f34,patriotically.at,available,,,high,high,13,,,,
34d6c839-bf63-47f4-ac39-09e3c19491b7,conserves.at,available,,,high,high,9,,,,
d4142b9b-b7a3-4240-9780-aa48332fff2b,quince.at,available,,,high,high,6,,,,
d4a32106-da4d-44ab-8389-43f63aa50bed,unitary.at,available,11.99,11.99,high,low,7,namesilo,,,12/09/2026 13:58
6f889abd-c528-4546-9f9b-233d53938b3d,comeatable.at,available,,,high,high,12,,,,
c8918868-cfd9-432f-8b1c-5ac468a606ea,peeking.at,available,,,high,low,7,,,,
d2a051b9-cfeb-4bbb-af36-0146eed07b39,netnews.at,available,,,high,medium,7,,,,
db7aca4e-098c-4ee6-bb8c-ae6d08676e24,ribozyme.at,available,,,high,high,8,,,,
d86b7e4d-1f03-444d-bf20-23374c01101f,cheeses.at,available,11.99,11.99,high,low,7,namesilo,,,
0a2b8766-4e1e-45e6-b252-dbd6d35188e6,nilpotent.at,available,11.99,11.99,medium,low,9,namesilo,,,03/09/2026 17:28
f48ee807-63b3-4263-ad34-35d1739e5ff5,assayer.at,available,11.99,11.99,high,low,7,namesilo,,,20/09/2026 15:59
8c7a8001-0d0d-49c9-9939-a4f57daa6a8b,observed.at,available,11.99,11.99,high,low,8,namesilo,,,22/09/2026 09:25
a510bd55-489b-48e9-81d7-19db14fc6d46,unrolling.at,available,,,high,high,9,,,,
3f488df7-338b-473d-886e-3e02b36e8280,thence.at,available,11.99,11.99,high,low,6,namesilo,,,15/09/2026 00:13
9a5953da-24c2-4521-a655-e0d17e3c326e,exhusband.at,available,11.99,11.99,high,low,10,namesilo,,,17/08/2026 15:21
8fdc9262-6a00-4424-8b27-b153e11f9e52,conjuror.at,available,,,high,high,8,,,,
d77f6972-a037-4eb5-ba7a-4be07c401a42,shoreface.at,available,,,high,high,9,,,,
b4e5039c-bb4c-450c-8a43-d620ee3e5b98,expresses.at,available,11.99,11.99,medium,low,9,namesilo,,,30/09/2026 23:32
f03fbf27-f1c0-46b7-8552-41c34d55ee7d,industrialists.at,available,,,high,low,14,,,,
dd675fa7-a08d-4d31-939f-c9ff69ff4303,noises.at,available,11.99,11.99,low,low,6,namesilo,,,28/09/2026 13:21
8732d904-c38f-41af-b701-a4d86ca48cd9,mossland.at,available,,,high,high,8,,,,
6b848c5c-7301-4531-80a6-abcf467e7e7f,telescopic.at,available,11.99,11.99,high,low,10,namesilo,,,11/09/2026 10:24
b018b079-cb60-4c3e-bb84-a1b7405ef49f,endeavors.at,available,,,high,medium,9,,,,
b20a6794-0a08-4038-8f06-d2ad8149fb19,cheery.at,available,,,high,low,6,,,,
6abb6aec-fd44-4abf-8fe4-04b47ae54ff0,sprigged.at,available,11.99,11.99,medium,low,8,namesilo,,,10/09/2026 16:47
d318622c-0f54-4063-bf07-6df3255bc6eb,outperform.at,available,,,high,high,10,,,,
b035aa0e-7dc0-4ba0-b74d-95aa85ae55f0,chadwick.at,available,11.99,11.99,medium,low,8,namesilo,,,28/09/2026 08:16
cbdad905-ff99-4d0c-980d-b3c78b81d837,bedrest.at,available,11.99,11.99,high,high,8,namesilo,,,22/09/2026 23:03
14168914-5d9d-4eea-a362-cbc603c8751b,triumphantly.at,available,,,high,high,12,,,,
87b3a67d-d580-455f-b093-84b8d59a4d31,dressers.at,available,,,medium,low,8,,,,
2c9f4c77-b9f6-4edd-8378-709997b70c0a,reykjavik.at,available,,,high,high,9,,,,
ffbf6509-42c7-40db-b31f-e91e9e857dcb,protestant.at,available,,,high,low,10,,,,
52a36c91-fa57-4b5f-a8c9-156db80c3cf4,seven.at,available,,,high,medium,5,,,,
5514e6bb-e3a7-4141-8b23-57f8f6b9a851,specifying.at,available,,,high,low,10,,,,
c952d9c6-fce3-4520-be03-bdd154c7663f,despatch.at,available,11.99,11.99,high,high,8,namesilo,,,01/10/2026 02:16
2088e4c5-0f22-46e4-adf4-46ef18de135d,bullirag.at,available,,,medium,low,8,,,,
0b105239-274f-401d-90c0-657c3ab69ad3,drivable.at,available,,,high,high,8,,,,
e761aa05-9862-47e6-b50f-73ec18bf6c32,afore.at,available,,,high,high,5,,,,
2d64aca9-f2dd-4f76-8e50-5407ab7b395a,sobeit.at,available,11.99,11.99,high,high,6,namesilo,,,16/09/2026 13:51
1e6d05c0-3c23-4eec-9474-4cab1d5ff409,reshooting.at,available,,,high,high,10,,,,
47a94f55-bfe1-45eb-a52e-363724af8fb1,calculating.at,available,11.99,11.99,high,low,11,namesilo,,,29/09/2026 14:44
87b7ddb2-3460-49cd-8f78-86228d59c820,variform.at,available,11.99,11.99,medium,low,8,namesilo,,,13/09/2026 01:22
d1ba4264-8c71-4936-967b-5611e4842152,petitioning.at,available,,,high,high,11,,,,
17bc649d-b057-4577-9d22-1066d5362a61,brisken.at,available,11.99,11.99,high,low,7,namesilo,,,11/08/2026 04:39
00da5a97-0ca2-43aa-a61b-e9b3de04bb49,kirkwall.at,available,,,high,high,8,,,,
a5697280-46cb-4d72-90ef-7b1a2ca565dc,delible.at,available,11.99,11.99,medium,low,7,namesilo,,,14/08/2026 00:35
e81b81d6-f631-4d11-9dfb-499087f3c16c,disulfiram.at,available,11.99,11.99,high,low,10,namesilo,,,19/09/2026 12:22
0af6e934-69b0-4113-b7ae-e5930457eccb,refuges.at,available,11.99,11.99,medium,low,7,namesilo,,,30/09/2026 00:19
b2b5bb54-9e83-4db2-9162-b888a367a32d,bettor.at,available,11.99,11.99,high,low,6,namesilo,,,23/09/2026 11:49
413d36ad-f4d4-412f-a61c-8b071baf8272,fridia.at,available,,,high,high,6,,,,
2ad3d58c-a79d-4112-a25e-6ec300a1872d,explosions.at,available,11.13,11.13,low,low,10,dynadot,,,28/09/2026 23:40
3b0f018b-a33e-443d-8db5-5ba30a07bf82,cohesive.at,available,11.99,11.99,high,low,8,namesilo,,,12/08/2026 16:05
a008a3e1-806c-4605-b2de-bb6e19d0364f,unimposing.at,available,11.99,11.99,medium,low,10,namesilo,,,12/09/2026 13:12
471e5a1a-e328-4e7b-8106-56058b4f435b,woven.at,available,11.99,11.99,high,low,5,namesilo,,,28/09/2026 11:08
40e794ad-5591-412e-b537-9e643ca5fde1,quartet.at,available,11.99,11.99,high,low,7,namesilo,,,
e117ad74-8752-46fd-999b-d5636b1e6691,infections.at,available,11.99,11.99,medium,low,10,namesilo,,,30/09/2026 15:33
eb137a21-a8df-476f-9fb9-686f0798e025,essaying.at,available,,,high,high,8,,,,
c3594d3f-e8be-4514-9afa-cd6fd429ffe9,reexpress.at,available,,,high,high,9,,,,
44bfb3ef-e65d-4dfb-a74e-d508d069d91c,lessor.at,available,,,high,high,6,,,,
c646179e-f40f-46ac-86b2-896be8312bb6,platelike.at,available,,,high,low,9,,,,08/09/2026 20:17
579503a9-ba9f-450f-9238-16fbbf88d9cc,sheffield.at,available,11.99,11.99,high,low,9,namesilo,,,01/10/2026 03:42
dfeaf47b-b06b-4456-9b50-bbeadb94cf1e,chequebook.at,available,11.99,11.99,high,low,10,namesilo,,,24/09/2026 13:58
4059b8c1-7cef-4c1e-aaf4-03dbbb87a9d8,cristo.at,available,11.12,11.12,high,low,6,dynadot,,,29/09/2026 11:33
6fd9510b-074c-4f5c-a7b6-dbe442a91f00,aluminium.at,resell,,,high,low,9,Domainers Registrar AG ( https://nic.at/registrar/668 ),,,26/09/2026 03:49
9858d113-dbc1-4d6b-b167-b9ae883fe819,parliaments.at,available,,,high,low,11,,,,
3175e32d-9608-4a3f-85b8-5784a5d49b3b,dazzled.at,available,18.99,18.99,high,low,7,name.com,,,13/08/2026 18:57
9015aaec-1466-45e8-94a4-1dcb951e12c4,reported.at,available,11.99,11.99,high,low,8,namesilo,,,27/09/2026 11:56
8b5b3edc-5de9-4a62-a45e-9b787535df28,resubmit.at,available,,,high,high,8,,,,
79f5e596-813a-4f00-915e-ded9637a2e4f,overtook.at,available,,,high,high,8,,,,
a29bb8d8-2583-4760-918d-6a694305cf48,willett.at,available,11.09,11.09,high,low,7,dynadot,,,30/09/2026 21:34
dcb8c5b2-9c6c-40e1-a3c1-e49c7374cc88,nowt.at,available,,,high,high,4,,,,
2dc5bf65-0308-41ed-af6e-a1f263d8b119,unlikable.at,available,11.99,11.99,medium,low,9,namesilo,,,12/09/2026 00:58
7fc3c20f-c07c-44ec-9d4f-b812d8841901,despairing.at,available,11.99,11.99,high,low,10,namesilo,,,14/08/2026 03:56
6029ea0c-3cd9-4ff7-a16d-75f016ab5f98,unsealing.at,available,,,high,high,9,,,,
c7cc80c1-47c5-40ce-8a49-27055a7b132c,midthought.at,available,,,high,high,10,,,,
c23b0790-f195-4cfc-8e4b-0ad0b1e48595,purveys.at,available,,,medium,low,7,,,,
ea0f2e17-5848-47f5-8fca-8fec3c283138,objections.at,available,11.99,11.99,medium,low,10,namesilo,,,28/09/2026 13:15
2bcb5efd-3ca9-4f00-9a9c-e0757ac3715d,mancunian.at,available,11.99,11.99,high,low,9,namesilo,,,24/08/2026 14:36
61acc2f1-4670-4ec0-84eb-991ef74f1ad2,proceduralists.at,available,,,medium,low,14,,,,
1394b4fd-416a-4fad-b55e-47830979f79e,aristotelian.at,available,,,high,high,12,,,,
86332fd2-a1fe-441a-9c55-87b1c77046e1,pediatrician.at,available,,,high,high,12,,,,
b30c0855-c787-42ee-8203-b531e30e0725,pentecost.at,available,,,high,high,9,,,,
4dda0c6a-10a5-4f90-91f6-d027ee79a084,divan.at,available,,,high,high,5,,,,
b26ab6bb-3777-4bb4-90e7-282b259e681f,lightskinned.at,available,,,high,high,13,,,,
186ea3e2-1e1f-4664-8058-f4581ed570b8,dhow.at,available,,,high,high,4,,,,
11cfd62e-95a1-416d-918b-94e126946d51,pretence.at,available,11.99,11.99,high,low,8,namesilo,,,25/09/2026 16:31
6782c335-caec-41cb-adef-6718f9f31892,aerofoil.at,available,11.99,11.99,high,low,8,namesilo,,,17/09/2026 13:00
7d091916-f5c4-47a7-94c9-9ddfc6985c8e,interoperation.at,available,,,high,low,14,,,,
3e1e188d-38a4-4bb4-bdd9-407b987a08f6,corer.at,available,,,high,high,5,,,,
a1bbff89-5764-4171-a632-ff833a22410f,spaghettiesque.at,available,,,high,high,14,,,,
61654065-87a1-4d4f-9a3d-198ad35334ce,palaver.at,available,11.99,11.99,high,low,7,namesilo,,,23/09/2026 23:26
c7bd67cd-e5d4-4b57-aba0-00b4c375bba5,opposable.at,available,11.99,11.99,medium,low,9,namesilo,,,06/08/2026 07:43
dea3c4ff-0352-46d5-9bcd-cf330b3285cf,hinault.at,available,11.99,11.99,high,low,7,namesilo,,,23/09/2026 09:48
97fc12b3-af1f-4cf9-acbe-a215e74a1a04,filmish.at,available,,,high,high,7,,,,
d6d6d344-fcd5-472d-a865-ad4324d8c548,suncream.at,available,,,high,high,8,,,,
26ae4612-97bc-4c0f-8576-9dfc91b2d870,craftswomen.at,available,,,medium,low,11,,,,
e669cf0c-b246-4bb2-85b6-5c8ed84b41bb,petite.at,available,,,high,low,6,,,,
e20883bc-a44a-4624-85d6-a2a6784461bb,gpc.at,available,,,high,high,3,,,,
3cc4ee0e-d34a-4daa-8fa4-4289db4be9d6,starkest.at,available,11.99,11.99,medium,low,8,namesilo,,,20/09/2026 22:48
fcbc2688-50e9-45c4-8a56-3296cb979abc,spans.at,available,,,high,medium,5,,,,
11710bfb-ce8d-47f2-9d58-15d4fe52b295,airtime.at,available,,,high,high,8,,,,
1d47a1b1-fad8-4104-bea5-511e01aa7987,visor.at,available,,,high,high,5,,,,
1f58b1a6-bf53-4c3d-a668-8c746d68cca5,francine.at,available,11.09,11.09,high,low,8,dynadot,,,30/09/2026 13:27
90531a07-fb19-4dfa-aea7-4f2a38dfc607,revocable.at,available,11.99,11.99,high,low,9,namesilo,,,09/09/2026 16:21
ee9e198a-2bde-4496-b199-9efb097b0d5a,lauri.at,available,,,high,high,5,,,,
3b6780ca-ea1d-4bd4-9526-500abd9f2f6c,traces.at,available,11.99,11.99,medium,low,6,namesilo,,,28/09/2026 08:47
fdfad742-d9ec-42ce-9584-4d4bf3003cbb,surmisable.at,available,11.99,11.99,high,medium,10,namesilo,,,09/09/2026 01:47
f874a527-8b20-4090-9c71-7cb0be7afc2a,trinkets.at,available,,,high,medium,8,,,,
cc25adf0-32f4-4c12-a179-102afcb1f111,laparoscopy.at,available,,,high,high,11,,,,
b899067c-3e16-4771-b258-ff4e977897cd,haleness.at,available,,,high,high,8,,,,
5b969038-6795-499f-9bfb-9b3dc1d57d1f,rightly.at,available,11.99,11.99,high,low,7,namesilo,,,15/09/2026 10:16